0x0000007101781BBC,AABB__sThreadStorageCount
0x0000007101781BC0,AABB__sDefaultThreadStorage
0x0000007101781BE0,_ZN6Blocks8RegistryE
0x0000007101781BF8,_ZN6Blocks5CHESTE
0x0000007101781C18,_ZN6Blocks10SNOW_LAYERE
0x0000007101781C20,_ZN6Blocks9HAY_BLOCKE
0x0000007101781C28,_ZN6Blocks5GRASSE
0x0000007101781C40,_ZN6Blocks11LIT_PUMPKINE
0x0000007101781C48,_ZN6Blocks7PUMPKINE
0x0000007101781C50,_ZN6Blocks4DIRTE
0x0000007101781C58,_ZN6Blocks3LOGE
0x0000007101781C60,_ZN6Blocks4LOG2E
0x0000007101781C68,_ZN6Blocks7SAPLINGE
0x0000007101781C70,_ZN6Blocks4VINEE
0x0000007101781C78,_ZN6Blocks14BROWN_MUSHROOME
0x0000007101781C80,_ZN6Blocks12RED_MUSHROOME
0x0000007101781FA8,_ZN6Blocks14CRAFTING_TABLEE
0x0000007101781FB0,_ZN6Blocks7FURNACEE
0x0000007101781FB8,_ZN6Blocks4RAILE
0x0000007101781FC0,_ZN6Blocks10DRAGON_EGGE
0x0000007101781FC8,_ZN6Blocks16ENCHANTING_TABLEE
0x0000007101781FD0,_ZN6Blocks9BOOKSHELFE
0x0000007101781FD8,_ZN5Biome10DEEP_OCEANE
0x0000007101781FE0,_ZN5Biome15MUSHROOM_FIELDSE
0x0000007101782068,_ZN6Blocks5ANVILE
0x00000071017825B8,_ZN6Blocks6PLANKSE
0x00000071017825D0,_ZN6Blocks3AIRE
0x00000071017825D8,_ZN6Blocks3WEBE
0x00000071017825F8,_ZN6Blocks11MELON_BLOCKE
0x0000007101782600,_ZN6Blocks6LADDERE
0x0000007101782608,_ZN6Blocks13WOODEN_BUTTONE
0x0000007101782610,_ZN6Blocks21WOODEN_PRESSURE_PLATEE
0x00000071017826D0,_ZN6Blocks15STANDING_BANNERE
0x00000071017826D8,_ZN6Blocks11WALL_BANNERE
0x0000007101782828,_ZN6Blocks11BRICK_BLOCKE
0x0000007101782830,_ZN6Blocks10RED_FLOWERE
0x0000007101782848,_ZN6Blocks4WOOLE
0x0000007101782918,_ZN6Blocks11GOLDEN_RAILE
0x0000007101782920,_ZN6Blocks13DETECTOR_RAILE
0x0000007101782928,_ZN6Blocks14ACTIVATOR_RAILE
0x0000007101782988,_ZN6Blocks4SANDE
0x0000007101782990,_ZN6Blocks6BEACONE
0x0000007101782A60,_ZN6Blocks13EMERALD_BLOCKE
0x0000007101782A68,_ZN6Blocks10GOLD_BLOCKE
0x0000007101782A70,_ZN6Blocks13DIAMOND_BLOCKE
0x0000007101782A78,_ZN6Blocks10IRON_BLOCKE
0x0000007101782A80,_ZN6Blocks13STAINED_GLASSE
0x0000007101782A88,_ZN6Blocks18STAINED_GLASS_PANEE
0x0000007101782A90,_ZN6Blocks7BEDROCKE
0x0000007101782AD8,_ZN5Biome6NETHERE
0x0000007101782AE0,_ZN6Blocks11ACACIA_DOORE
0x0000007101782AE8,_ZN6Blocks10BIRCH_DOORE
0x0000007101782AF0,_ZN6Blocks13DARK_OAK_DOORE
0x0000007101782AF8,_ZN6Blocks9IRON_DOORE
0x0000007101782B00,_ZN6Blocks11JUNGLE_DOORE
0x0000007101782B08,_ZN6Blocks11WOODEN_DOORE
0x0000007101782B10,_ZN6Blocks11SPRUCE_DOORE
0x0000007101782B30,_ZN6Blocks3BEDE
0x0000007101782B60,_ZN6Blocks6LEAVESE
0x0000007101782B68,_ZN6Blocks8FARMLANDE
0x0000007101782B70,_ZN5Biome6BIOMESE
0x0000007101783370,_ZN5Biome5OCEANE
0x0000007101783378,_ZN5Biome6PLAINSE
0x0000007101783380,_ZN5Biome6DESERTE
0x0000007101783388,_ZN5Biome9MOUNTAINSE
0x0000007101783390,_ZN5Biome6FORESTE
0x0000007101783398,_ZN5Biome5TAIGAE
0x00000071017833A0,_ZN5Biome5SWAMPE
0x00000071017833A8,_ZN5Biome5RIVERE
0x00000071017833B0,_ZN5Biome7THE_ENDE
0x00000071017833B8,_ZN5Biome12FROZEN_OCEANE
0x00000071017833C0,_ZN5Biome12FROZEN_RIVERE
0x00000071017833C8,_ZN5Biome12SNOWY_TUNDRAE
0x00000071017833D0,_ZN5Biome15SNOWY_MOUNTAINSE
0x00000071017833D8,_ZN5Biome20MUSHROOM_FIELD_SHOREE
0x00000071017833E0,_ZN5Biome5BEACHE
0x00000071017833E8,_ZN5Biome12DESERT_HILLSE
0x00000071017833F0,_ZN5Biome12WOODED_HILLSE
0x00000071017833F8,_ZN5Biome11TAIGA_HILLSE
0x0000007101783400,_ZN5Biome13MOUNTAIN_EDGEE
0x0000007101783408,_ZN5Biome6JUNGLEE
0x0000007101783410,_ZN5Biome12JUNGLE_HILLSE
0x0000007101783418,_ZN5Biome11JUNGLE_EDGEE
0x0000007101783420,_ZN5Biome11STONE_SHOREE
0x0000007101783428,_ZN5Biome11SNOWY_BEACHE
0x0000007101783430,_ZN5Biome12BIRCH_FORESTE
0x0000007101783438,_ZN5Biome18BIRCH_FOREST_HILLSE
0x0000007101783440,_ZN5Biome11DARK_FORESTE
0x0000007101783448,_ZN5Biome11SNOWY_TAIGAE
0x0000007101783450,_ZN5Biome17SNOWY_TAIGA_HILLSE
0x0000007101783458,_ZN5Biome16GIANT_TREE_TAIGAE
0x0000007101783460,_ZN5Biome22GIANT_TREE_TAIGA_HILLSE
0x0000007101783468,_ZN5Biome16WOODED_MOUNTAINSE
0x0000007101783470,_ZN5Biome7SAVANNAE
0x0000007101783478,_ZN5Biome15SAVANNA_PLATEAUE
0x0000007101783480,_ZN5Biome8BADLANDSE
0x0000007101783488,_ZN5Biome23WOODED_BADLANDS_PLATEAUE
0x0000007101783490,_ZN5Biome16BADLANDS_PLATEAUE
0x0000007101783498,_ZN5Biome8THE_VOIDE
0x00000071017834A0,_ZN5Biome16SUNFLOWER_PLAINSE
0x00000071017834A8,_ZN5Biome12DESERT_LAKESE
0x00000071017834B0,_ZN5Biome18GRAVELLY_MOUNTAINSE
0x00000071017834B8,_ZN5Biome13FLOWER_FORESTE
0x00000071017834C0,_ZN5Biome15TAIGA_MOUNTAINSE
0x00000071017834C8,_ZN5Biome11SWAMP_HILLSE
0x00000071017834D0,_ZN5Biome10ICE_SPIKESE
0x00000071017834D8,_ZN5Biome15MODIFIED_JUNGLEE
0x00000071017834E0,_ZN5Biome20MODIFIED_JUNGLE_EDGEE
0x00000071017834E8,_ZN5Biome17TALL_BIRCH_FORESTE
0x00000071017834F0,_ZN5Biome16TALL_BIRCH_HILLSE
0x00000071017834F8,_ZN5Biome17DARK_FOREST_HILLSE
0x0000007101783500,_ZN5Biome21SNOWY_TAIGA_MOUNTAINSE
0x0000007101783508,_ZN5Biome18GIANT_SPRUCE_TAIGAE
0x0000007101783510,_ZN5Biome24GIANT_SPRUCE_TAIGA_HILLSE
0x0000007101783518,_ZN5Biome27MODIFIED_GRAVELLY_MOUNTAINSE
0x0000007101783520,_ZN5Biome17SHATTERED_SAVANNAE
0x0000007101783528,_ZN5Biome25SHATTERED_SAVANNA_PLATEAUE
0x0000007101783530,_ZN5Biome15ERODED_BADLANDSE
0x0000007101783538,_ZN5Biome32MODIFIED_WOODED_BADLANDS_PLATEAUE
0x0000007101783540,_ZN5Biome25MODIFIED_BADLANDS_PLATEAUE
0x0000007101783590,_ZN5Biome17TEMPERATURE_NOISEE
0x00000071017835C8,_ZN6Blocks6GRAVELE
0x00000071017835D0,_ZN6Blocks13YELLOW_FLOWERE
0x00000071017835D8,_ZN6Blocks5STONEE
0x00000071017835E0,_ZN6Blocks8COAL_OREE
0x00000071017835E8,_ZN6Blocks8IRON_OREE
0x00000071017835F0,_ZN6Blocks8GOLD_OREE
0x00000071017835F8,_ZN6Blocks12REDSTONE_OREE
0x0000007101783600,_ZN6Blocks11DIAMOND_OREE
0x0000007101783608,_ZN6Blocks9LAPIS_OREE
0x0000007101783610,_ZN6Blocks8DEADBUSHE
0x0000007101783618,_ZN6Blocks13FLOWING_WATERE
0x0000007101783620,_ZN6Blocks12FLOWING_LAVAE
0x00000071017836B8,sBlockStateMapper
0x00000071017836F8,_ZN6Blocks8CAULDRONE
0x0000007101783700,_ZN6Blocks6PISTONE
0x0000007101783708,_ZN6Blocks13STICKY_PISTONE
0x0000007101783710,_ZN6Blocks16PISTON_EXTENSIONE
0x0000007101783718,_ZN6Blocks9GLOWSTONEE
0x0000007101783720,_ZN6Blocks11SEA_LANTERNE
0x0000007101783728,_ZN6Blocks3ICEE
0x0000007101783730,_ZN6Blocks5GLASSE
0x0000007101783738,_ZN6Blocks5WHEATE
0x0000007101783740,_ZN6Blocks8POTATOESE
0x0000007101783748,_ZN6Blocks7CARROTSE
0x0000007101783750,_ZN6Blocks7LEAVES2E
0x0000007101783770,_ZN11BlockEntity21blockEntityFactoryMapE
0x0000007101783780,_ZN16ResourceLocation8RegistryE
0x00000071017839C8,_ZN6Blocks11COBBLESTONEE
0x00000071017839D0,_ZN6Blocks5WATERE
0x00000071017839D8,_ZN6Blocks4LAVAE
0x00000071017839E0,_ZN6Blocks6SPONGEE
0x00000071017839E8,_ZN6Blocks11LAPIS_BLOCKE
0x00000071017839F0,_ZN6Blocks9DISPENSERE
0x00000071017839F8,_ZN6Blocks9SANDSTONEE
0x0000007101783A00,_ZN6Blocks9NOTEBLOCKE
0x0000007101783A08,_ZN6Blocks9TALLGRASSE
0x0000007101783A10,_ZN6Blocks11PISTON_HEADE
0x0000007101783A18,_ZN6Blocks17DOUBLE_STONE_SLABE
0x0000007101783A20,_ZN6Blocks10STONE_SLABE
0x0000007101783A28,_ZN6Blocks3TNTE
0x0000007101783A30,_ZN6Blocks17MOSSY_COBBLESTONEE
0x0000007101783A38,_ZN6Blocks8OBSIDIANE
0x0000007101783A40,_ZN6Blocks5TORCHE
0x0000007101783A48,_ZN6Blocks4FIREE
0x0000007101783A50,_ZN6Blocks11MOB_SPAWNERE
0x0000007101783A58,_ZN6Blocks10OAK_STAIRSE
0x0000007101783A60,_ZN6Blocks13REDSTONE_WIREE
0x0000007101783A68,_ZN6Blocks11LIT_FURNACEE
0x0000007101783A70,_ZN6Blocks13STANDING_SIGNE
0x0000007101783A78,_ZN6Blocks12STONE_STAIRSE
0x0000007101783A80,_ZN6Blocks9WALL_SIGNE
0x0000007101783A88,_ZN6Blocks5LEVERE
0x0000007101783A90,_ZN6Blocks20STONE_PRESSURE_PLATEE
0x0000007101783A98,_ZN6Blocks16LIT_REDSTONE_OREE
0x0000007101783AA0,_ZN6Blocks20UNLIT_REDSTONE_TORCHE
0x0000007101783AA8,_ZN6Blocks14REDSTONE_TORCHE
0x0000007101783AB0,_ZN6Blocks12STONE_BUTTONE
0x0000007101783AB8,_ZN6Blocks4SNOWE
0x0000007101783AC0,_ZN6Blocks6CACTUSE
0x0000007101783AC8,_ZN6Blocks4CLAYE
0x0000007101783AD0,_ZN6Blocks5REEDSE
0x0000007101783AD8,_ZN6Blocks7JUKEBOXE
0x0000007101783AE0,_ZN6Blocks5FENCEE
0x0000007101783AE8,_ZN6Blocks12SPRUCE_FENCEE
0x0000007101783AF0,_ZN6Blocks11BIRCH_FENCEE
0x0000007101783AF8,_ZN6Blocks12JUNGLE_FENCEE
0x0000007101783B00,_ZN6Blocks14DARK_OAK_FENCEE
0x0000007101783B08,_ZN6Blocks12ACACIA_FENCEE
0x0000007101783B10,_ZN6Blocks10NETHERRACKE
0x0000007101783B18,_ZN6Blocks9SOUL_SANDE
0x0000007101783B20,_ZN6Blocks6PORTALE
0x0000007101783B28,_ZN6Blocks4CAKEE
0x0000007101783B30,_ZN6Blocks18UNPOWERED_REPEATERE
0x0000007101783B38,_ZN6Blocks16POWERED_REPEATERE
0x0000007101783B40,_ZN6Blocks8TRAPDOORE
0x0000007101783B48,_ZN6Blocks11MONSTER_EGGE
0x0000007101783B50,_ZN6Blocks10STONEBRICKE
0x0000007101783B58,_ZN6Blocks20BROWN_MUSHROOM_BLOCKE
0x0000007101783B60,_ZN6Blocks18RED_MUSHROOM_BLOCKE
0x0000007101783B68,_ZN6Blocks9IRON_BARSE
0x0000007101783B70,_ZN6Blocks10GLASS_PANEE
0x0000007101783B78,_ZN6Blocks12PUMPKIN_STEME
0x0000007101783B80,_ZN6Blocks10MELON_STEME
0x0000007101783B88,_ZN6Blocks10FENCE_GATEE
0x0000007101783B90,_ZN6Blocks17SPRUCE_FENCE_GATEE
0x0000007101783B98,_ZN6Blocks16BIRCH_FENCE_GATEE
0x0000007101783BA0,_ZN6Blocks17JUNGLE_FENCE_GATEE
0x0000007101783BA8,_ZN6Blocks19DARK_OAK_FENCE_GATEE
0x0000007101783BB0,_ZN6Blocks17ACACIA_FENCE_GATEE
0x0000007101783BB8,_ZN6Blocks12BRICK_STAIRSE
0x0000007101783BC0,_ZN6Blocks18STONE_BRICK_STAIRSE
0x0000007101783BC8,_ZN6Blocks8MYCELIUME
0x0000007101783BD0,_ZN6Blocks9WATERLILYE
0x0000007101783BD8,_ZN6Blocks12NETHER_BRICKE
0x0000007101783BE0,_ZN6Blocks18NETHER_BRICK_FENCEE
0x0000007101783BE8,_ZN6Blocks19NETHER_BRICK_STAIRSE
0x0000007101783BF0,_ZN6Blocks11NETHER_WARTE
0x0000007101783BF8,_ZN6Blocks13BREWING_STANDE
0x0000007101783C00,_ZN6Blocks10END_PORTALE
0x0000007101783C08,_ZN6Blocks16END_PORTAL_FRAMEE
0x0000007101783C10,_ZN6Blocks9END_STONEE
0x0000007101783C18,_ZN6Blocks13REDSTONE_LAMPE
0x0000007101783C20,_ZN6Blocks17LIT_REDSTONE_LAMPE
0x0000007101783C28,_ZN6Blocks18DOUBLE_WOODEN_SLABE
0x0000007101783C30,_ZN6Blocks11WOODEN_SLABE
0x0000007101783C38,_ZN6Blocks5COCOAE
0x0000007101783C40,_ZN6Blocks16SANDSTONE_STAIRSE
0x0000007101783C48,_ZN6Blocks11EMERALD_OREE
0x0000007101783C50,_ZN6Blocks11ENDER_CHESTE
0x0000007101783C58,_ZN6Blocks13TRIPWIRE_HOOKE
0x0000007101783C60,_ZN6Blocks8TRIPWIREE
0x0000007101783C68,_ZN6Blocks13SPRUCE_STAIRSE
0x0000007101783C70,_ZN6Blocks12BIRCH_STAIRSE
0x0000007101783C78,_ZN6Blocks13JUNGLE_STAIRSE
0x0000007101783C80,_ZN6Blocks13COMMAND_BLOCKE
0x0000007101783C88,_ZN6Blocks16COBBLESTONE_WALLE
0x0000007101783C90,_ZN6Blocks10FLOWER_POTE
0x0000007101783C98,_ZN6Blocks5SKULLE
0x0000007101783CA0,_ZN6Blocks13TRAPPED_CHESTE
0x0000007101783CA8,_ZN6Blocks29LIGHT_WEIGHTED_PRESSURE_PLATEE
0x0000007101783CB0,_ZN6Blocks29HEAVY_WEIGHTED_PRESSURE_PLATEE
0x0000007101783CB8,_ZN6Blocks20UNPOWERED_COMPARATORE
0x0000007101783CC0,_ZN6Blocks18POWERED_COMPARATORE
0x0000007101783CC8,_ZN6Blocks17DAYLIGHT_DETECTORE
0x0000007101783CD0,_ZN6Blocks26DAYLIGHT_DETECTOR_INVERTEDE
0x0000007101783CD8,_ZN6Blocks14REDSTONE_BLOCKE
0x0000007101783CE0,_ZN6Blocks10QUARTZ_OREE
0x0000007101783CE8,_ZN6Blocks6HOPPERE
0x0000007101783CF0,_ZN6Blocks12QUARTZ_BLOCKE
0x0000007101783CF8,_ZN6Blocks13QUARTZ_STAIRSE
0x0000007101783D00,_ZN6Blocks7DROPPERE
0x0000007101783D08,_ZN6Blocks21STAINED_HARDENED_CLAYE
0x0000007101783D10,_ZN6Blocks7BARRIERE
0x0000007101783D18,_ZN6Blocks13IRON_TRAPDOORE
0x0000007101783D20,_ZN6Blocks6CARPETE
0x0000007101783D28,_ZN6Blocks13HARDENED_CLAYE
0x0000007101783D30,_ZN6Blocks10COAL_BLOCKE
0x0000007101783D38,_ZN6Blocks10PACKED_ICEE
0x0000007101783D40,_ZN6Blocks13ACACIA_STAIRSE
0x0000007101783D48,_ZN6Blocks15DARK_OAK_STAIRSE
0x0000007101783D50,_ZN6Blocks5SLIMEE
0x0000007101783D58,_ZN6Blocks12DOUBLE_PLANTE
0x0000007101783D60,_ZN6Blocks10PRISMARINEE
0x0000007101783D68,_ZN6Blocks13RED_SANDSTONEE
0x0000007101783D70,_ZN6Blocks20RED_SANDSTONE_STAIRSE
0x0000007101783D78,_ZN6Blocks18DOUBLE_STONE_SLAB2E
0x0000007101783D80,_ZN6Blocks11STONE_SLAB2E
0x0000007101783D88,_ZN6Blocks7END_RODE
0x0000007101783D90,_ZN6Blocks12CHORUS_PLANTE
0x0000007101783D98,_ZN6Blocks13CHORUS_FLOWERE
0x0000007101783DA0,_ZN6Blocks12PURPUR_BLOCKE
0x0000007101783DA8,_ZN6Blocks13PURPUR_PILLARE
0x0000007101783DB0,_ZN6Blocks13PURPUR_STAIRSE
0x0000007101783DB8,_ZN6Blocks18PURPUR_DOUBLE_SLABE
0x0000007101783DC0,_ZN6Blocks11PURPUR_SLABE
0x0000007101783DC8,_ZN6Blocks10END_BRICKSE
0x0000007101783DD0,_ZN6Blocks9BEETROOTSE
0x0000007101783DD8,_ZN6Blocks10GRASS_PATHE
0x0000007101783DE0,_ZN6Blocks11END_GATEWAYE
0x0000007101783DE8,_ZN6Blocks23REPEATING_COMMAND_BLOCKE
0x0000007101783DF0,_ZN6Blocks19CHAIN_COMMAND_BLOCKE
0x0000007101783DF8,_ZN6Blocks11FROSTED_ICEE
0x0000007101783E00,_ZN6Blocks5MAGMAE
0x0000007101783E08,_ZN6Blocks17NETHER_WART_BLOCKE
0x0000007101783E10,_ZN6Blocks16RED_NETHER_BRICKE
0x0000007101783E18,_ZN6Blocks10BONE_BLOCKE
0x0000007101783E20,_ZN6Blocks14STRUCTURE_VOIDE
0x0000007101783E28,_ZN6Blocks8OBSERVERE
0x0000007101783E30,_ZN6Blocks17WHITE_SHULKER_BOXE
0x0000007101783E38,_ZN6Blocks18ORANGE_SHULKER_BOXE
0x0000007101783E40,_ZN6Blocks19MAGENTA_SHULKER_BOXE
0x0000007101783E48,_ZN6Blocks22LIGHT_BLUE_SHULKER_BOXE
0x0000007101783E50,_ZN6Blocks18YELLOW_SHULKER_BOXE
0x0000007101783E58,_ZN6Blocks16LIME_SHULKER_BOXE
0x0000007101783E60,_ZN6Blocks16PINK_SHULKER_BOXE
0x0000007101783E68,_ZN6Blocks16GRAY_SHULKER_BOXE
0x0000007101783E70,_ZN6Blocks18SILVER_SHULKER_BOXE
0x0000007101783E78,_ZN6Blocks16CYAN_SHULKER_BOXE
0x0000007101783E80,_ZN6Blocks18PURPLE_SHULKER_BOXE
0x0000007101783E88,_ZN6Blocks16BLUE_SHULKER_BOXE
0x0000007101783E90,_ZN6Blocks17BROWN_SHULKER_BOXE
0x0000007101783E98,_ZN6Blocks17GREEN_SHULKER_BOXE
0x0000007101783EA0,_ZN6Blocks15RED_SHULKER_BOXE
0x0000007101783EA8,_ZN6Blocks17BLACK_SHULKER_BOXE
0x0000007101783EB0,_ZN6Blocks23WHITE_GLAZED_TERRACOTTAE
0x0000007101783EB8,_ZN6Blocks24ORANGE_GLAZED_TERRACOTTAE
0x0000007101783EC0,_ZN6Blocks25MAGENTA_GLAZED_TERRACOTTAE
0x0000007101783EC8,_ZN6Blocks28LIGHT_BLUE_GLAZED_TERRACOTTAE
0x0000007101783ED0,_ZN6Blocks24YELLOW_GLAZED_TERRACOTTAE
0x0000007101783ED8,_ZN6Blocks22LIME_GLAZED_TERRACOTTAE
0x0000007101783EE0,_ZN6Blocks22PINK_GLAZED_TERRACOTTAE
0x0000007101783EE8,_ZN6Blocks22GRAY_GLAZED_TERRACOTTAE
0x0000007101783EF0,_ZN6Blocks24SILVER_GLAZED_TERRACOTTAE
0x0000007101783EF8,_ZN6Blocks22CYAN_GLAZED_TERRACOTTAE
0x0000007101783F00,_ZN6Blocks24PURPLE_GLAZED_TERRACOTTAE
0x0000007101783F08,_ZN6Blocks22BLUE_GLAZED_TERRACOTTAE
0x0000007101783F10,_ZN6Blocks23BROWN_GLAZED_TERRACOTTAE
0x0000007101783F18,_ZN6Blocks23GREEN_GLAZED_TERRACOTTAE
0x0000007101783F20,_ZN6Blocks21RED_GLAZED_TERRACOTTAE
0x0000007101783F28,_ZN6Blocks23BLACK_GLAZED_TERRACOTTAE
0x0000007101783F30,_ZN6Blocks8CONCRETEE
0x0000007101783F38,_ZN6Blocks15CONCRETE_POWDERE
0x0000007101783F40,_ZN6Blocks15STRUCTURE_BLOCKE
0x0000007101783F98,_ZN17BuiltInLootTables17SPAWN_BONUS_CHESTE
0x00000071017840A8,_ZN17BuiltInLootTables19ABANDONED_MINESHAFTE
0x00000071017840F8,_ZN17BuiltInLootTables14DESERT_PYRAMIDE
0x0000007101784148,_ZN17BuiltInLootTables14DISPENSER_TRAPE
0x0000007101784198,_ZN17BuiltInLootTables17END_CITY_TREASUREE
0x00000071017841E8,_ZN17BuiltInLootTables11IGLOO_CHESTE
0x0000007101784238,_ZN17BuiltInLootTables13JUNGLE_TEMPLEE
0x0000007101784288,_ZN17BuiltInLootTables23JUNGLE_TEMPLE_DISPENSERE
0x00000071017842D8,_ZN17BuiltInLootTables12MONSTER_ROOME
0x0000007101784328,_ZN17BuiltInLootTables13NETHER_BRIDGEE
0x0000007101784378,_ZN17BuiltInLootTables14SIMPLE_DUNGEONE
0x00000071017843C8,_ZN17BuiltInLootTables19STRONGHOLD_CORRIDORE
0x0000007101784418,_ZN17BuiltInLootTables19STRONGHOLD_CROSSINGE
0x0000007101784468,_ZN17BuiltInLootTables18STRONGHOLD_LIBRARYE
0x00000071017844B8,_ZN17BuiltInLootTables18VILLAGE_BLACKSMITHE
0x0000007101784508,_ZN17BuiltInLootTables22VILLAGE_TWO_ROOM_HOUSEE
0x0000007101784558,_ZN17BuiltInLootTables16WOODLAND_MANSIONE
0x00000071017860F0,_ZN8DyeColor5WHITEE
0x00000071017860F8,_ZN8DyeColor6YELLOWE
0x0000007101786100,_ZN8DyeColor3REDE
0x0000007101786108,_ZN8DyeColor4PINKE
0x0000007101786110,_ZN8DyeColor6ORANGEE
0x0000007101786118,_ZN8DyeColor4LIMEE
0x0000007101786120,_ZN8DyeColor5GREENE
0x0000007101786128,_ZN8DyeColor4GRAYE
0x0000007101786130,_ZN8DyeColor5BLACKE
0x0000007101786138,_ZN8DyeColor6SILVERE
0x0000007101786140,_ZN8DyeColor10LIGHT_BLUEE
0x0000007101786148,_ZN8DyeColor4BLUEE
0x0000007101786150,_ZN8DyeColor4CYANE
0x0000007101786158,_ZN8DyeColor6PURPLEE
0x0000007101786160,_ZN8DyeColor7MAGENTAE
0x0000007101786238,_ZN9Direction5NORTHE
0x0000007101786240,_ZN8DyeColor5BROWNE
0x0000007101786280,_ZN12DamageSource13BYPASS_ARMOURE
0x0000007101786298,FACING
0x00000071017863D0,_ZN9Direction4DOWNE
0x00000071017863D8,_ZN9Direction2UPE
0x0000007101786580,_ZN9Direction10DIRECTIONSE
0x0000007101788EE8,_ZN9Direction4WESTE
0x0000007101788F50,sWeaponCategory
0x0000007101788F90,_ZN12DamageSource5DROWNE
0x0000007101788FC8,_ZN12DamageSource6WITHERE
0x0000007101789028,_ZN9Direction4Axis1YE
0x0000007101789050,_ZN10Difficulty8PEACEFULE
0x0000007101789058,_ZN10Difficulty4EASYE
0x0000007101789060,_ZN10Difficulty6NORMALE
0x0000007101789068,_ZN10Difficulty4HARDE
0x0000007101789070,_ZN10Difficulty12DIFFICULTIESE
0x00000071017890A0,DimensionType::OVERWORLD
0x00000071017890A8,DimensionType::NETHER
0x00000071017890C0,_ZN9Direction5SOUTHE
0x00000071017890C8,_ZN9Direction4EASTE
0x00000071017890D0,_ZN9Direction10BY_3D_DATAE
0x0000007101789100,_ZN9Direction10BY_2D_DATAE
0x0000007101789148,_ZN9Direction13AxisDirection8NEGATIVEE
0x0000007101789150,_ZN9Direction13AxisDirection8POSITIVEE
0x0000007101789158,_ZN9Direction4Axis1ZE
0x0000007101789160,_ZN9Direction4Axis1XE
0x0000007101789190,_ZN9Direction4Axis6VALUESE
0x00000071017899A8,sEnchantmentRegistry
0x0000007101789A38,_ZN12Enchantments9KNOCKBACKE
0x0000007101789A40,_ZN12Enchantments11FIRE_ASPECTE
0x0000007101789A48,_ZN12Enchantments11RESPIRATIONE
0x0000007101789A50,_ZN12Enchantments13DEPTH_STRIDERE
0x0000007101789A58,_ZN12Enchantments10EFFICIENCYE
0x0000007101789A60,_ZN12Enchantments15LUCK_OF_THE_SEAE
0x0000007101789A68,_ZN12Enchantments4LUREE
0x0000007101789A70,_ZN12Enchantments7LOOTINGE
0x0000007101789A78,_ZN12Enchantments13AQUA_AFFINITYE
0x0000007101789A80,_ZN12Enchantments12FROST_WALKERE
0x0000007101789A88,_ZN12Enchantments13BINDING_CURSEE
0x0000007101789A90,_ZN12Enchantments15VANISHING_CURSEE
0x0000007101789A98,_ZN12Enchantments10PROTECTIONE
0x0000007101789AA0,_ZN12Enchantments15FIRE_PROTECTIONE
0x0000007101789AA8,_ZN12Enchantments15FEATHER_FALLINGE
0x0000007101789AB0,_ZN12Enchantments16BLAST_PROTECTIONE
0x0000007101789AB8,_ZN12Enchantments21PROJECTILE_PROTECTIONE
0x0000007101789AC0,_ZN12Enchantments6THORNSE
0x0000007101789AC8,_ZN12Enchantments9SHARPNESSE
0x0000007101789AD0,_ZN12Enchantments5SMITEE
0x0000007101789AD8,_ZN12Enchantments18BANE_OF_ARTHROPODSE
0x0000007101789AE0,_ZN12Enchantments10SILK_TOUCHE
0x0000007101789AE8,_ZN12Enchantments10UNBREAKINGE
0x0000007101789AF0,_ZN12Enchantments7FORTUNEE
0x0000007101789AF8,_ZN12Enchantments5POWERE
0x0000007101789B00,_ZN12Enchantments5PUNCHE
0x0000007101789B08,_ZN12Enchantments5FLAMEE
0x0000007101789B10,_ZN12Enchantments8INFINITYE
0x0000007101789B18,_ZN12Enchantments7MENDINGE
0x000000710178A320,_ZN21EntityDataSerializers25sINT_EntityDataSerializerE
0x000000710178A328,_ZN21EntityDataSerializers28sSTRING_EntityDataSerializerE
0x000000710178A330,_ZN21EntityDataSerializers29sBOOLEAN_EntityDataSerializerE
0x000000710178A338,_ZN12ItemInstance5EMPTYE
0x000000710178A348,_ZN21EntityDataSerializers26sBYTE_EntityDataSerializerE
0x000000710178A350,_ZN21EntityDataSerializers27sFLOAT_EntityDataSerializerE
0x000000710178A358,_ZN21EntityDataSerializers35sITEM_INSTANCE_EntityDataSerializerE
0x000000710178A360,_ZN21EntityDataSerializers33sBLOCK_STATE_EntityDataSerializerE
0x000000710178A368,_ZN21EntityDataSerializers27sROTATIONS_EntitySerializerE
0x000000710178A370,_ZN21EntityDataSerializers31sBLOCK_POS_EntityDataSerializerE
0x000000710178A378,_ZN21EntityDataSerializers40sOPTIONAL_BLOCK_POS_EntityDataSerializerE
0x000000710178A380,_ZN21EntityDataSerializers31sDIRECTION_EntityDataSerializerE
0x000000710178A388,_ZN21EntityDataSerializers34sCOMPOUND_TAG_EntityDataSerializerE
0x000000710178A5F0,_ZN13EquipmentSlot8MAINHANDE
0x000000710178A5F8,_ZN13EquipmentSlot7OFFHANDE
0x000000710178A600,_ZN13EquipmentSlot4FEETE
0x000000710178A608,_ZN13EquipmentSlot4LEGSE
0x000000710178A610,_ZN13EquipmentSlot5CHESTE
0x000000710178A618,_ZN13EquipmentSlot4HEADE
0x000000710178A660,_ZN5Items9ENDER_EYEE
0x000000710178A668,_ZN14ChunkGenerator17inPostProcessStepE
0x000000710178A7B8,fire_0
0x000000710178A7D0,fire_1
0x000000710178A7E8,_ZN9FireBlock3AGEE
0x000000710178A7F0,_ZN9FireBlock5NORTHE
0x000000710178A7F8,_ZN9FireBlock4EASTE
0x000000710178A800,_ZN9FireBlock5SOUTHE
0x000000710178A808,_ZN9FireBlock4WESTE
0x000000710178A810,_ZN9FireBlock2UPE
0x000000710178A900,_ZN5Items9GUNPOWDERE
0x000000710178A908,_ZN5Items15FIREWORK_CHARGEE
0x000000710178A910,_ZN5Items3DYEE
0x000000710178A918,_ZN5Items5PAPERE
0x000000710178A920,_ZN5Items14GLOWSTONE_DUSTE
0x000000710178A928,_ZN5Items7DIAMONDE
0x000000710178A930,_ZN5Items11FIRE_CHARGEE
0x000000710178A938,_ZN5Items7FEATHERE
0x000000710178A940,_ZN5Items11GOLD_NUGGETE
0x000000710178A948,_ZN5Items5SKULLE
0x000000710178A950,_ZN5Items9FIREWORKSE
0x000000710178A9B0,_ZN5Items11FISHING_RODE
0x000000710178AA48,_ZN11FlowerBlock6Flower10RED_FLOWERE
0x000000710178AA50,_ZN11FlowerBlock6Flower13YELLOW_FLOWERE
0x000000710178AAA8,FlowerBlock::FlowerCategory::YELLOW_FLOWER
0x000000710178AC28,_ZN5Items10FLOWER_POTE
0x000000710178ACE8,_ZN5Items12ROTTEN_FLESHE
0x000000710178ACF0,_ZN5Items12GOLDEN_APPLEE
0x000000710178ACF8,_ZN5Items10GOLD_INGOTE
0x000000710178AD00,_ZN5Items5APPLEE
0x000000710178AD08,_ZN5Items14SPECKLED_MELONE
0x000000710178AD10,_ZN5Items5MELONE
0x000000710178AD18,_ZN5Items13MUSHROOM_STEWE
0x000000710178AD20,_ZN5Items4BOWLE
0x000000710178AD28,_ZN5Items6COOKIEE
0x000000710178AD30,_ZN5Items5WHEATE
0x000000710178AD38,_ZN5Items11RABBIT_STEWE
0x000000710178AD40,_ZN5Items13COOKED_RABBITE
0x000000710178AD48,_ZN5Items6CARROTE
0x000000710178AD50,_ZN5Items12BAKED_POTATOE
0x000000710178AD58,_ZN5Items13BEETROOT_SOUPE
0x000000710178AD60,_ZN5Items8BEETROOTE
0x000000710178AD68,_ZN5Items11MELON_SEEDSE
0x000000710178AD70,_ZN5Items13PUMPKIN_SEEDSE
0x000000710178AD78,_ZN5Items11PUMPKIN_PIEE
0x000000710178AD80,_ZN5Items5SUGARE
0x000000710178AD88,_ZN5Items3EGGE
0x000000710178AD90,_ZN5Items13GOLDEN_CARROTE
0x000000710178AD98,_ZN5Items20FERMENTED_SPIDER_EYEE
0x000000710178ADA0,_ZN5Items10SPIDER_EYEE
0x000000710178ADA8,_ZN5Items12BLAZE_POWDERE
0x000000710178ADB0,_ZN5Items9BLAZE_RODE
0x000000710178ADB8,_ZN5Items11MAGMA_CREAME
0x000000710178ADC0,_ZN5Items10SLIME_BALLE
0x000000710178AE10,_ZN5Items4COALE
0x000000710178AE18,_ZN5Items11LAVA_BUCKETE
0x000000710178AE20,_ZN5Items6BUCKETE
0x000000710178AE28,_ZN5Items12WATER_BUCKETE
0x000000710178AE38,_ZN5Items5STICKE
0x000000710178AE40,_ZN5Items3BOWE
0x000000710178AE48,_ZN5Items4SIGNE
0x000000710178AE50,_ZN5Items9IRON_DOORE
0x000000710178AE60,_ZN5Items10IRON_INGOTE
0x000000710178AE68,_ZN5Items8PORKCHOPE
0x000000710178AE70,_ZN5Items15COOKED_PORKCHOPE
0x000000710178AE78,_ZN5Items4BEEFE
0x000000710178AE80,_ZN5Items11COOKED_BEEFE
0x000000710178AE88,_ZN5Items7CHICKENE
0x000000710178AE90,_ZN5Items14COOKED_CHICKENE
0x000000710178AE98,_ZN5Items6RABBITE
0x000000710178AEA0,_ZN5Items6MUTTONE
0x000000710178AEA8,_ZN5Items13COOKED_MUTTONE
0x000000710178AEB0,_ZN5Items9CLAY_BALLE
0x000000710178AEB8,_ZN5Items5BRICKE
0x000000710178AEC0,_ZN5Items7EMERALDE
0x000000710178AEC8,_ZN5Items6POTATOE
0x000000710178AED0,_ZN5Items11NETHERBRICKE
0x000000710178AED8,_ZN5Items12CHORUS_FRUITE
0x000000710178AEE0,_ZN5Items19CHORUS_FRUIT_POPPEDE
0x000000710178AEE8,_ZN5Items4FISHE
0x000000710178AEF0,_ZN5Items11COOKED_FISHE
0x000000710178AEF8,_ZN5Items8REDSTONEE
0x000000710178AF00,_ZN5Items6QUARTZE
0x000000710178AF08,_ZN5Items16CHAINMAIL_HELMETE
0x000000710178AF10,_ZN5Items11IRON_NUGGETE
0x000000710178AF18,_ZN5Items20CHAINMAIL_CHESTPLATEE
0x000000710178AF20,_ZN5Items18CHAINMAIL_LEGGINGSE
0x000000710178AF28,_ZN5Items15CHAINMAIL_BOOTSE
0x000000710178AF30,_ZN5Items12IRON_PICKAXEE
0x000000710178AF38,_ZN5Items11IRON_SHOVELE
0x000000710178AF40,_ZN5Items8IRON_AXEE
0x000000710178AF48,_ZN5Items8IRON_HOEE
0x000000710178AF50,_ZN5Items10IRON_SWORDE
0x000000710178AF58,_ZN5Items11IRON_HELMETE
0x000000710178AF60,_ZN5Items15IRON_CHESTPLATEE
0x000000710178AF68,_ZN5Items13IRON_LEGGINGSE
0x000000710178AF70,_ZN5Items10IRON_BOOTSE
0x000000710178AF78,_ZN5Items16IRON_HORSE_ARMORE
0x000000710178AF80,_ZN5Items14GOLDEN_PICKAXEE
0x000000710178AF88,_ZN5Items13GOLDEN_SHOVELE
0x000000710178AF90,_ZN5Items10GOLDEN_AXEE
0x000000710178AF98,_ZN5Items10GOLDEN_HOEE
0x000000710178AFA0,_ZN5Items12GOLDEN_SWORDE
0x000000710178AFA8,_ZN5Items13GOLDEN_HELMETE
0x000000710178AFB0,_ZN5Items17GOLDEN_CHESTPLATEE
0x000000710178AFB8,_ZN5Items15GOLDEN_LEGGINGSE
0x000000710178AFC0,_ZN5Items12GOLDEN_BOOTSE
0x000000710178AFC8,_ZN5Items18GOLDEN_HORSE_ARMORE
0x000000710178AFD0,_ZN8GameType7NOT_SETE
0x000000710178AFD8,_ZN8GameType8SURVIVALE
0x000000710178AFE0,_ZN8GameType8CREATIVEE
0x000000710178AFE8,_ZN8GameType9ADVENTUREE
0x000000710178AFF0,_ZN8GameType9SPECTATORE
0x000000710178AFF8,_ZN8GameType5LOBBYE
0x000000710178B000,_ZN11CommonStats9sInstanceE
0x000000710178B090,_ZN5Items5FLINTE
0x000000710178B0F0,_ZN5Items8PAINTINGE
0x000000710178B0F8,_ZN5Items10ITEM_FRAMEE
0x000000710178B100,_ZN5Items11WHEAT_SEEDSE
0x000000710178B108,_ZN5Items14BEETROOT_SEEDSE
0x000000710178B3D0,_ZN5Items9SPAWN_EGGE
0x000000710178B3D8,_ZN5Items6SADDLEE
0x000000710178B3E0,sBaseTierName
0x000000710178B410,sColorTagName
0x000000710178B440,_ZN5Items19LEATHER_HORSE_ARMORE
0x000000710178B448,_ZN5Items19DIAMOND_HORSE_ARMORE
0x000000710178B6B8,_ZN5Items7LEATHERE
0x000000710178B6E0,_ZN5Items10FILLED_MAPE
0x000000710178B6E8,_ZN5Items5ARROWE
0x000000710178B6F0,_ZN5Items12TIPPED_ARROWE
0x000000710178B6F8,_ZN5Items16TOTEM_OF_UNDYINGE
0x000000710178B700,_ZN5Items8RegistryE
0x000000710178B850,_ZN5Items3AIRE
0x000000710178B860,_ZN5Items11NETHER_STARE
0x000000710178B890,_ZN5Items14WOODEN_PICKAXEE
0x000000710178B898,_ZN5Items5BREADE
0x000000710178B8A0,_ZN5Items4CAKEE
0x000000710178B8A8,_ZN5Items6POTIONE
0x000000710178B8B0,_ZN5Items15FLINT_AND_STEELE
0x000000710178B8B8,_ZN5Items14SPECTRAL_ARROWE
0x000000710178B8C0,_ZN5Items12WOODEN_SWORDE
0x000000710178B8C8,_ZN5Items13WOODEN_SHOVELE
0x000000710178B8D0,_ZN5Items10WOODEN_AXEE
0x000000710178B8D8,_ZN5Items11STONE_SWORDE
0x000000710178B8E0,_ZN5Items12STONE_SHOVELE
0x000000710178B8E8,_ZN5Items13STONE_PICKAXEE
0x000000710178B8F0,_ZN5Items9STONE_AXEE
0x000000710178B8F8,_ZN5Items13DIAMOND_SWORDE
0x000000710178B900,_ZN5Items14DIAMOND_SHOVELE
0x000000710178B908,_ZN5Items15DIAMOND_PICKAXEE
0x000000710178B910,_ZN5Items11DIAMOND_AXEE
0x000000710178B918,_ZN5Items6STRINGE
0x000000710178B920,_ZN5Items10WOODEN_HOEE
0x000000710178B928,_ZN5Items9STONE_HOEE
0x000000710178B930,_ZN5Items11DIAMOND_HOEE
0x000000710178B938,_ZN5Items14LEATHER_HELMETE
0x000000710178B940,_ZN5Items18LEATHER_CHESTPLATEE
0x000000710178B948,_ZN5Items16LEATHER_LEGGINGSE
0x000000710178B950,_ZN5Items13LEATHER_BOOTSE
0x000000710178B958,_ZN5Items14DIAMOND_HELMETE
0x000000710178B960,_ZN5Items18DIAMOND_CHESTPLATEE
0x000000710178B968,_ZN5Items16DIAMOND_LEGGINGSE
0x000000710178B970,_ZN5Items13DIAMOND_BOOTSE
0x000000710178B978,_ZN5Items11WOODEN_DOORE
0x000000710178B980,_ZN5Items11SPRUCE_DOORE
0x000000710178B988,_ZN5Items10BIRCH_DOORE
0x000000710178B990,_ZN5Items11JUNGLE_DOORE
0x000000710178B998,_ZN5Items11ACACIA_DOORE
0x000000710178B9A0,_ZN5Items13DARK_OAK_DOORE
0x000000710178B9A8,_ZN5Items8MINECARTE
0x000000710178B9B0,_ZN5Items8SNOWBALLE
0x000000710178B9B8,_ZN5Items4BOATE
0x000000710178B9C0,_ZN5Items11SPRUCE_BOATE
0x000000710178B9C8,_ZN5Items10BIRCH_BOATE
0x000000710178B9D0,_ZN5Items11JUNGLE_BOATE
0x000000710178B9D8,_ZN5Items11ACACIA_BOATE
0x000000710178B9E0,_ZN5Items13DARK_OAK_BOATE
0x000000710178B9E8,_ZN5Items11MILK_BUCKETE
0x000000710178B9F0,_ZN5Items5REEDSE
0x000000710178B9F8,_ZN5Items4BOOKE
0x000000710178BA00,_ZN5Items14CHEST_MINECARTE
0x000000710178BA08,_ZN5Items16FURNACE_MINECARTE
0x000000710178BA10,_ZN5Items7COMPASSE
0x000000710178BA18,_ZN5Items5CLOCKE
0x000000710178BA20,_ZN5Items4BONEE
0x000000710178BA28,_ZN5Items3BEDE
0x000000710178BA30,_ZN5Items8REPEATERE
0x000000710178BA38,_ZN5Items6SHEARSE
0x000000710178BA40,_ZN5Items11RABBIT_FOOTE
0x000000710178BA48,_ZN5Items11RABBIT_HIDEE
0x000000710178BA50,_ZN5Items11ENDER_PEARLE
0x000000710178BA58,_ZN5Items10GHAST_TEARE
0x000000710178BA60,_ZN5Items11NETHER_WARTE
0x000000710178BA68,_ZN5Items13SPLASH_POTIONE
0x000000710178BA70,_ZN5Items16LINGERING_POTIONE
0x000000710178BA78,_ZN5Items12GLASS_BOTTLEE
0x000000710178BA80,_ZN5Items13DRAGON_BREATHE
0x000000710178BA88,_ZN5Items13BREWING_STANDE
0x000000710178BA90,_ZN5Items8CAULDRONE
0x000000710178BA98,_ZN5Items17EXPERIENCE_BOTTLEE
0x000000710178BAA0,_ZN5Items13WRITABLE_BOOKE
0x000000710178BAA8,_ZN5Items12WRITTEN_BOOKE
0x000000710178BAB0,_ZN5Items16POISONOUS_POTATOE
0x000000710178BAB8,_ZN5Items3MAPE
0x000000710178BAC0,_ZN5Items17CARROT_ON_A_STICKE
0x000000710178BAC8,_ZN5Items14ENCHANTED_BOOKE
0x000000710178BAD0,_ZN5Items10COMPARATORE
0x000000710178BAD8,_ZN5Items12TNT_MINECARTE
0x000000710178BAE0,_ZN5Items15HOPPER_MINECARTE
0x000000710178BAE8,_ZN5Items11ARMOR_STANDE
0x000000710178BAF0,_ZN5Items4LEADE
0x000000710178BAF8,_ZN5Items8NAME_TAGE
0x000000710178BB00,_ZN5Items22COMMAND_BLOCK_MINECARTE
0x000000710178BB08,_ZN5Items9RECORD_13E
0x000000710178BB10,_ZN5Items10RECORD_CATE
0x000000710178BB18,_ZN5Items13RECORD_BLOCKSE
0x000000710178BB20,_ZN5Items12RECORD_CHIRPE
0x000000710178BB28,_ZN5Items10RECORD_FARE
0x000000710178BB30,_ZN5Items11RECORD_MALLE
0x000000710178BB38,_ZN5Items14RECORD_MELLOHIE
0x000000710178BB40,_ZN5Items11RECORD_STALE
0x000000710178BB48,_ZN5Items12RECORD_STRADE
0x000000710178BB50,_ZN5Items11RECORD_WARDE
0x000000710178BB58,_ZN5Items9RECORD_11E
0x000000710178BB60,_ZN5Items11RECORD_WAITE
0x000000710178BB68,_ZN5Items16PRISMARINE_SHARDE
0x000000710178BB70,_ZN5Items19PRISMARINE_CRYSTALSE
0x000000710178BB78,_ZN5Items6BANNERE
0x000000710178BB80,_ZN5Items11END_CRYSTALE
0x000000710178BB88,_ZN5Items6ELYTRAE
0x000000710178BB90,_ZN5Items13SHULKER_SHELLE
0x000000710178BB98,_ZN5Items16DEBUG_FOURJ_ITEME
0x000000710178BD78,_ZGVZN9FireBlock26createBlockStateDefinitionEvE15blockProperties
0x000000710178BEA0,_ZZN9FireBlock26createBlockStateDefinitionEvE15blockProperties
0x000000710178BEF8,Material::CIRCUITS
0x000000710178BF00,Material::LAVA
0x000000710178BF08,_ZN8Material5WATERE
0x000000710178BFD8,LevelType__customized
0x000000710178BFE0,LevelType__largeBiomes
0x000000710178C110,_ZN9LeafBlock11CHECK_DECAYE
0x000000710178C118,_ZN8Material6LEAVESE
0x000000710178C130,LevelType__flat
0x000000710178C138,_ZN8Material3AIRE
0x000000710178C140,_ZN8Material6PORTALE
0x000000710178C1B0,_ZN10LevelChunk10touchedSkyE
0x000000710178C1B8,_ZN9LevelType6NORMALE
0x000000710178C270,_ZN9LevelType9AMPLIFIEDE
0x000000710178C278,_ZN9LevelType10NORMAL_1_1E
0x000000710178C3C0,_ZN8Material3ICEE
0x000000710178C3E0,_ZN13ParticleTypes11LARGE_SMOKEE
0x000000710178C5A8,_ZN10MobEffects10LEVITATIONE
0x000000710178C600,_ZN8LogBlock12LOG_VARIANTSE
0x000000710178C690,_ZN8LogBlock8LOG_AXISE
0x000000710178C698,_ZN8LogBlock7LogAxis1XE
0x000000710178C6A0,_ZN8LogBlock7LogAxis1YE
0x000000710178C6A8,_ZN8LogBlock7LogAxis1ZE
0x000000710178C6B8,_ZN8LogBlock9PREDICATEE
0x000000710178C6C0,_ZN8Material4WOODE
0x000000710178C6E0,_ZN8LogBlock7LogAxis4NONEE
0x000000710178C780,_ZN8Material5STONEE
0x000000710178C788,_ZN13MaterialColor6NETHERE
0x000000710178C798,MapDecoration::Type::PLAYER_WHITE
0x000000710178C7A0,MapDecoration::Type::PLAYER_GREEN
0x000000710178C7A8,MapDecoration::Type::PLAYER_RED
0x000000710178C7B0,MapDecoration::Type::PLAYER_BLUE
0x000000710178C7C0,MapDecoration::Type::TARGET_POINT
0x000000710178C7C8,MapDecoration::Type::PLAYER_OFF_MAP
0x000000710178C7D0,MapDecoration::Type::FRAME
0x000000710178C7D8,MapDecoration::Type::PLAYER_MAGNETA
0x000000710178C7E0,MapDecoration::Type::PLAYER_ORANGE
0x000000710178C7E8,MapDecoration::Type::PLAYER_YELLOW
0x000000710178C7F0,MapDecoration::Type::PLAYER_CYAN
0x000000710178C7F8,MapDecoration::Type::GREEN_TRIANGLE
0x000000710178C800,MapDecoration::Type::PLAYER_OFF_LIMITS
0x000000710178C808,MapDecoration::Type::MANSION
0x000000710178C810,MapDecoration::Type::MONUMENT
0x000000710178C818,MapDecoration::Type::PLAYER_WHITE_OFF_LIMITS
0x000000710178C820,MapDecoration::Type::PLAYER_GREEN_OFF_LIMITS
0x000000710178C828,MapDecoration::Type::PLAYER_RED_OFF_LIMITS
0x000000710178C830,MapDecoration::Type::PLAYER_BLUE_OFF_LIMITS
0x000000710178C838,MapDecoration::Type::UNKNOWN_20
0x000000710178C840,MapDecoration::Type::UNKNOWN_21
0x000000710178C848,MapDecoration::Type::UNKNOWN_22
0x000000710178C850,MapDecoration::Type::UNKNOWN_23
0x000000710178C858,MapDecoration::Type::PLAYER_MAGNETA_OFF_LIMITS
0x000000710178C860,MapDecoration::Type::PLAYER_ORANGE_OFF_LIMITS
0x000000710178C868,MapDecoration::Type::PLAYER_YELLOW_OFF_LIMITS
0x000000710178C870,MapDecoration::Type::PLAYER_CYAN_OFF_LIMITS
0x000000710178C880,_ZN13MaterialColor4NONEE
0x000000710178C888,_ZN13MaterialColor15MATERIAL_COLORSE
0x000000710178C890,_ZN13MaterialColor5WATERE
0x000000710178C898,_ZN13MaterialColor12COLOR_ORANGEE
0x000000710178C8A0,_ZN13MaterialColor11COLOR_BROWNE
0x000000710178C8A8,_ZN8Material5GRASSE
0x000000710178C8B0,_ZN8Material4DIRTE
0x000000710178C8B8,_ZN8Material5METALE
0x000000710178C8C0,_ZN8Material11HEAVY_METALE
0x000000710178C8C8,_ZN8Material6PLANTSE
0x000000710178C8D0,_ZN8Material4MOSSE
0x000000710178C8D8,_ZN8Material6SPONGEE
0x000000710178C8E0,_ZN8Material4WOOLE
0x000000710178C8E8,_ZN8Material4FIREE
0x000000710178C8F0,_ZN8Material4SANDE
0x000000710178C8F8,_ZN8Material16CLOTH_DECORATIONE
0x000000710178C900,_ZN8Material5GLASSE
0x000000710178C908,_ZN8Material14REDSTONE_LIGHTE
0x000000710178C910,_ZN8Material9EXPLOSIVEE
0x000000710178C918,_ZN8Material5CORALE
0x000000710178C920,_ZN8Material9ICE_SOLIDE
0x000000710178C928,_ZN8Material8TOP_SNOWE
0x000000710178C930,_ZN8Material4SNOWE
0x000000710178C938,_ZN8Material6CACTUSE
0x000000710178C940,_ZN8Material4CLAYE
0x000000710178C948,_ZN8Material9VEGETABLEE
0x000000710178C950,_ZN8Material3EGGE
0x000000710178C958,_ZN8Material4CAKEE
0x000000710178C960,_ZN8Material5CLOTHE
0x000000710178C968,_ZN8Material6PISTONE
0x000000710178C970,_ZN8Material7BARRIERE
0x000000710178C978,_ZN8Material14STRUCTURAL_AIRE
0x000000710178C980,_ZN13MaterialColor5GRASSE
0x000000710178C988,_ZN13MaterialColor4DIRTE
0x000000710178C990,_ZN13MaterialColor4WOODE
0x000000710178C998,_ZN13MaterialColor5STONEE
0x000000710178C9A0,_ZN13MaterialColor5METALE
0x000000710178C9A8,_ZN13MaterialColor4FIREE
0x000000710178C9B0,_ZN13MaterialColor5PLANTE
0x000000710178C9B8,_ZN13MaterialColor4WOOLE
0x000000710178C9C0,_ZN13MaterialColor4SANDE
0x000000710178C9C8,_ZN13MaterialColor3ICEE
0x000000710178C9D0,_ZN13MaterialColor4SNOWE
0x000000710178C9D8,_ZN13MaterialColor4CLAYE
0x000000710178C9E0,MaterialColor__DYE_COLORS
0x000000710178C9E8,_ZN13MaterialColor6QUARTZE
0x000000710178C9F0,_ZN13MaterialColor13COLOR_MAGENTAE
0x000000710178C9F8,_ZN13MaterialColor16COLOR_LIGHT_BLUEE
0x000000710178CA00,_ZN13MaterialColor12COLOR_YELLOWE
0x000000710178CA08,_ZN13MaterialColor17COLOR_LIGHT_GREENE
0x000000710178CA10,_ZN13MaterialColor10COLOR_PINKE
0x000000710178CA18,_ZN13MaterialColor10COLOR_GRAYE
0x000000710178CA20,_ZN13MaterialColor16COLOR_LIGHT_GRAYE
0x000000710178CA28,_ZN13MaterialColor10COLOR_CYANE
0x000000710178CA30,_ZN13MaterialColor12COLOR_PURPLEE
0x000000710178CA38,_ZN13MaterialColor10COLOR_BLUEE
0x000000710178CA40,_ZN13MaterialColor11COLOR_GREENE
0x000000710178CA48,_ZN13MaterialColor9COLOR_REDE
0x000000710178CA50,_ZN13MaterialColor11COLOR_BLACKE
0x000000710178CA58,_ZN13MaterialColor4GOLDE
0x000000710178CA60,_ZN13MaterialColor7DIAMONDE
0x000000710178CA68,_ZN13MaterialColor5LAPISE
0x000000710178CA70,_ZN13MaterialColor7EMERALDE
0x000000710178CA78,_ZN13MaterialColor6PODZOLE
0x000000710178CA80,_ZN13MaterialColor16TERRACOTTA_WHITEE
0x000000710178CA88,_ZN13MaterialColor17TERRACOTTA_ORANGEE
0x000000710178CA90,_ZN13MaterialColor18TERRACOTTA_MAGENTAE
0x000000710178CA98,_ZN13MaterialColor21TERRACOTTA_LIGHT_BLUEE
0x000000710178CAA0,_ZN13MaterialColor17TERRACOTTA_YELLOWE
0x000000710178CAA8,_ZN13MaterialColor22TERRACOTTA_LIGHT_GREENE
0x000000710178CAB0,_ZN13MaterialColor15TERRACOTTA_PINKE
0x000000710178CAB8,_ZN13MaterialColor15TERRACOTTA_GRAYE
0x000000710178CAC0,_ZN13MaterialColor21TERRACOTTA_LIGHT_GRAYE
0x000000710178CAC8,_ZN13MaterialColor15TERRACOTTA_CYANE
0x000000710178CAD0,_ZN13MaterialColor17TERRACOTTA_PURPLEE
0x000000710178CAD8,_ZN13MaterialColor15TERRACOTTA_BLUEE
0x000000710178CAE0,_ZN13MaterialColor16TERRACOTTA_BROWNE
0x000000710178CAE8,_ZN13MaterialColor16TERRACOTTA_GREENE
0x000000710178CAF0,_ZN13MaterialColor14TERRACOTTA_REDE
0x000000710178CAF8,_ZN13MaterialColor16TERRACOTTA_BLACKE
0x000000710178CD28,_ZN13ParticleTypes5SMOKEE
0x000000710178CD68,_ZN11MobCategory7MONSTERE
0x000000710178CD70,_ZN11MobCategory8CREATUREE
0x000000710178CD78,_ZN11MobCategory7AMBIENTE
0x000000710178CD80,_ZN11MobCategory14WATER_CREATUREE
0x000000710178CD88,_ZN11MobCategory4WOLFE
0x000000710178CD90,_ZN11MobCategory7CHICKENE
0x000000710178CD98,_ZN11MobCategory12MUSHROOM_COWE
0x000000710178CDA0,_ZN11MobCategory5SLIMEE
0x000000710178CDA8,_ZN11MobCategory8GUARDIANE
0x000000710178CDB0,_ZN11MobCategory10CATEGORIESE
0x000000710178CDD0,_ZN10MobEffects6WITHERE
0x000000710178CFC8,_ZN11NewLogBlock7VARIANTE
0x00000071017A16D8,_ZN15RangedAttribute13ATTACK_DAMAGEE
0x00000071017A16F0,_ZN11PlanksBlock7Variant6SPRUCEE
0x00000071017A1898,_ZN11PlanksBlock19variantTextureNamesE
0x00000071017A1928,_ZN11PlanksBlock7VARIANTE
0x00000071017A1930,_ZN11PlanksBlock7Variant3OAKE
0x00000071017A1938,_ZN11PlanksBlock7Variant5BIRCHE
0x00000071017A1940,_ZN11PlanksBlock7Variant6JUNGLEE
0x00000071017A1948,_ZN11PlanksBlock7Variant6ACACIAE
0x00000071017A1950,_ZN11PlanksBlock7Variant8DARK_OAKE
0x00000071017A1958,_ZN11PlanksBlock7Variant8VARIANTSE
0x00000071017A1988,_ZN11PlanksBlock9PREDICATEE
0x00000071017A1A30,_ZN15RangedAttribute12ATTACK_SPEEDE
0x00000071017A1BB0,_ZN9Direction4Axis9PREDICATEE
0x00000071017A1EB0,_ZN21ProtectionEnchantment4Type3ALLE
0x00000071017A1EB8,_ZN21ProtectionEnchantment4Type4FIREE
0x00000071017A1EC0,_ZN21ProtectionEnchantment4Type4FALLE
0x00000071017A1EC8,_ZN21ProtectionEnchantment4Type9EXPLOSIONE
0x00000071017A1ED0,_ZN21ProtectionEnchantment4Type10PROJECTILEE
0x00000071017A1F30,_ZN11QuartzBlock7VARIANTE
0x00000071017A1F98,TEXTURE_NAMES
0x00000071017A2010,_ZN11QuartzBlock7Variant8VARIANTSE
0x00000071017A2038,_ZN11QuartzBlock9PREDICATEE
0x00000071017A2040,_ZN11QuartzBlock7Variant7DEFAULTE
0x00000071017A2048,_ZN11QuartzBlock7Variant7LINES_YE
0x00000071017A2050,_ZN11QuartzBlock7Variant7LINES_ZE
0x00000071017A2058,_ZN11QuartzBlock7Variant7LINES_XE
0x00000071017A2060,_ZN11QuartzBlock7Variant8CHISELEDE
0x00000071017A20A0,_ZN6Rarity6COMMONE
0x00000071017A20A8,_ZN6Rarity8UNCOMMONE
0x00000071017A20B0,_ZN6Rarity4RAREE
0x00000071017A20B8,_ZN6Rarity4EPICE
0x00000071017A2168,_ZN17RedSandStoneBlock4TYPEE
0x00000071017A21E8,_ZN17RedSandStoneBlock7Variant8VARIANTSE
0x00000071017A2200,_ZN17RedSandStoneBlock9PREDICATEE
0x00000071017A2208,_ZN9SandBlock7Variant3REDE
0x00000071017A2210,_ZN17RedSandStoneBlock7Variant7DEFAULTE
0x00000071017A2218,_ZN17RedSandStoneBlock7Variant8CHISELEDE
0x00000071017A2220,_ZN17RedSandStoneBlock7Variant6SMOOTHE
0x00000071017A2390,_ZN10ReedsBlock12sAgePropertyE
0x00000071017A2448,_ZN18RotatedPillarBlock4AXISE
0x00000071017A2490,_ZN9SandBlock7VARIANTE
0x00000071017A2498,_ZN9SandBlock7Variant7DEFAULTE
0x00000071017A24A0,_ZN9SandBlock7Variant8VARIANTSE
0x00000071017A24B0,_ZN9SandBlock9PREDICATEE
0x00000071017A24B8,_ZN14SandStoneBlock4TYPEE
0x00000071017A2538,_ZN14SandStoneBlock8VARIANTSE
0x00000071017A2550,_ZN14SandStoneBlock9PREDICATEE
0x00000071017A2558,_ZN14SandStoneBlock7Variant7DEFAULTE
0x00000071017A2560,_ZN14SandStoneBlock7Variant8CHISELEDE
0x00000071017A2568,_ZN14SandStoneBlock7Variant6SMOOTHE
0x00000071017A29F0,_ZZN11PlanksBlock26createBlockStateDefinitionEvE10properties
0x00000071017A2AE0,_ZZN17RedSandStoneBlock26createBlockStateDefinitionEvE10properties
0x00000071017A2AF8,ReedsBlock__sAgeProperties
0x00000071017A2B00,ReedsBlock_hasCreatedDefinition
0x00000071017A34C8,_ZN11SoundEvents12FIRE_AMBIENTE
0x00000071017A3E28,_ZN11SoundEvents12RANDOM_CLICKE
0x00000071017A4120,_ZN10SoundEvent11ENTER_BOOSTE
0x00000071017A4190,_ZN10SoundEvent13ENTER_THERMALE
0x00000071017A4230,_ZN10SoundEvent8UI_PRESSE
0x00000071017A42D8,_ZN9SoundType4WOODE
0x00000071017A42E0,SoundType::DIRT
0x00000071017A42E8,SoundType::GRASS
0x00000071017A42F0,SoundType::STONE
0x00000071017A4318,SoundType::SNOW
0x00000071017A4AC0,_ZN10StoneBlock7VARIANTE
0x00000071017A4AC8,_ZN10StoneBlock7Variant5STONEE
0x00000071017A4AD0,_ZN10StoneBlock7Variant7GRANITEE
0x00000071017A4AD8,_ZN10StoneBlock7Variant14SMOOTH_GRANITEE
0x00000071017A4AE0,_ZN10StoneBlock7Variant7DIORITEE
0x00000071017A4AE8,_ZN10StoneBlock7Variant14SMOOTH_DIORITEE
0x00000071017A4AF0,_ZN10StoneBlock7Variant8ANDESITEE
0x00000071017A4AF8,_ZN10StoneBlock7Variant15SMOOTH_ANDESITEE
0x00000071017A4B00,_ZN10StoneBlock7Variant8VARIANTSE
0x00000071017A4B38,_ZN10StoneBlock9PREDICATEE
0x00000071017A53F8,SynchedEntityData__sIdMap
0x00000071017A5ED8,_ZZN10StoneBlock26createBlockStateDefinitionEvE10properties
0x00000071017A8380,_ZN3fui9sInstanceE
0x00000071017AA788,CGameNetworkManager__sInstance
0x00000071017AA808,_ZN19ConsoleUIController9sInstanceE
0x00000071017C0A20,_ZN20CConsoleMinecraftApp9sInstanceE
0x00000071017C0A60,_ZN10DLCManager9sInstanceE
0x00000071017C1600,StringTable::instance
0x00000071017C1C30,_ZN27BlockEntityRenderDispatcher9sInstanceE
0x00000071017C24B8,_ZN5Chunk7updatesE
0x00000071017C24C0,_ZN13LevelRenderer9sInstanceE
0x00000071017C2BB8,Minecraft::sEntityBlockRenderer
0x00000071017C33B0,IsAnaglyph3d
0x00000071017C37B0,_ZN14GlStateManager14sActiveTextureE
0x00000071017C37B8,_ZN14GlStateManager5ALPHAE
0x00000071017C37C0,_ZN14GlStateManager8LIGHTINGE
0x00000071017C37C8,_ZN14GlStateManager12LIGHT_ENABLEE
0x00000071017C3808,_ZN14GlStateManager14COLOR_MATERIALE
0x00000071017C3810,_ZN14GlStateManager5BLENDE
0x00000071017C3818,_ZN14GlStateManager5DEPTHE
0x00000071017C3820,_ZN14GlStateManager3FOGE
0x00000071017C3828,_ZN14GlStateManager4CULLE
0x00000071017C3830,_ZN14GlStateManager18PolygonOffsetState9sInstanceE
0x00000071017C3838,_ZN14GlStateManager15ColorLogicState9sInstanceE
0x00000071017C3840,_ZN14GlStateManager7TEX_GENE
0x00000071017C3848,_ZN14GlStateManager10ClearState9sInstanceE
0x00000071017C3850,_ZN14GlStateManager12StencilState9sInstanceE
0x00000071017C3860,_ZN14GlStateManager8TEXTURESE
0x00000071017C38A0,_ZN14GlStateManager14RESCALE_NORMALE
0x00000071017C38A8,_ZN14GlStateManager9ColorMask9sInstanceE
0x00000071017C38B0,_ZN14GlStateManager5Color9sInstanceE
0x00000071017C4BC0,sGlobalChunkCount
0x00000071017C57B8,_ZN9Minecraft9sInstanceE
0x00000071017C5884,_ZN9Minecraft4sUnkE
0x00000071017C5888,_ZN15MinecraftServer9sInstanceE
0x00000071017DA3C0,TexturePackRepository::sDefaultTexturePack
0x00000071017DB488,Compression::tlsIndex
0x00000071017DB490,Compression::threadStorage
0x00000071017DB4A0,_ZL29stbi__vertically_flip_on_load
0x00000071017DB628,_ZN6CInput9sInstanceE
0x00000071017DB640,_ZN8CProfile9sInstanceE
0x00000071017DB650,_ZN8Renderer9sInstanceE
0x00000071017DB658,Renderer::sInstance
0x00000071017DB668,someRendererMutex
0x00000071017DB6A0,CStorage::sInstance
0x00000071017DB6A8,_ZN8CStorage9sInstanceE
0x00000071023DBC40,pfnc_nvnDeviceBuilderSetDefaults
0x00000071023DBC48,pfnc_nvnDeviceBuilderSetFlags
0x00000071023DBC50,pfnc_nvnDeviceInitialize
0x00000071023DBC58,pfnc_nvnDeviceFinalize
0x00000071023DBC60,pfnc_nvnDeviceSetDebugLabel
0x00000071023DBC68,pfnc_nvnDeviceGetProcAddress
0x00000071023DBC70,pfnc_nvnDeviceGetInteger
0x00000071023DBC78,pfnc_nvnDeviceGetCurrentTimestampInNanoseconds
0x00000071023DBC80,pfnc_nvnDeviceSetIntermediateShaderCache
0x00000071023DBC88,pfnc_nvnDeviceGetTextureHandle
0x00000071023DBC90,pfnc_nvnDeviceGetTexelFetchHandle
0x00000071023DBC98,pfnc_nvnDeviceGetImageHandle
0x00000071023DBCA0,pfnc_nvnDeviceInstallDebugCallback
0x00000071023DBCA8,pfnc_nvnDeviceGenerateDebugDomainId
0x00000071023DBCB0,pfnc_nvnDeviceSetWindowOriginMode
0x00000071023DBCB8,pfnc_nvnDeviceSetDepthMode
0x00000071023DBCC0,pfnc_nvnDeviceRegisterFastClearColor
0x00000071023DBCC8,pfnc_nvnDeviceRegisterFastClearColori
0x00000071023DBCD0,pfnc_nvnDeviceRegisterFastClearColorui
0x00000071023DBCD8,pfnc_nvnDeviceRegisterFastClearDepth
0x00000071023DBCE0,pfnc_nvnDeviceGetWindowOriginMode
0x00000071023DBCE8,pfnc_nvnDeviceGetDepthMode
0x00000071023DBCF0,pfnc_nvnDeviceGetTimestampInNanoseconds
0x00000071023DBCF8,pfnc_nvnDeviceApplyDeferredFinalizes
0x00000071023DBD00,pfnc_nvnDeviceFinalizeCommandHandle
0x00000071023DBD08,pfnc_nvnDeviceWalkDebugDatabase
0x00000071023DBD10,pfnc_nvnDeviceGetSeparateTextureHandle
0x00000071023DBD18,pfnc_nvnDeviceGetSeparateSamplerHandle
0x00000071023DBD20,pfnc_nvnDeviceIsExternalDebuggerAttached
0x00000071023DBD28,pfnc_nvnQueueGetError
0x00000071023DBD30,pfnc_nvnQueueGetTotalCommandMemoryUsed
0x00000071023DBD38,pfnc_nvnQueueGetTotalControlMemoryUsed
0x00000071023DBD40,pfnc_nvnQueueGetTotalComputeMemoryUsed
0x00000071023DBD48,pfnc_nvnQueueResetMemoryUsageCounts
0x00000071023DBD50,pfnc_nvnQueueBuilderSetDevice
0x00000071023DBD58,pfnc_nvnQueueBuilderSetDefaults
0x00000071023DBD60,pfnc_nvnQueueBuilderSetFlags
0x00000071023DBD68,pfnc_nvnQueueBuilderSetCommandMemorySize
0x00000071023DBD70,pfnc_nvnQueueBuilderSetComputeMemorySize
0x00000071023DBD78,pfnc_nvnQueueBuilderSetControlMemorySize
0x00000071023DBD80,pfnc_nvnQueueBuilderGetQueueMemorySize
0x00000071023DBD88,pfnc_nvnQueueBuilderSetQueueMemory
0x00000071023DBD90,pfnc_nvnQueueBuilderSetCommandFlushThreshold
0x00000071023DBD98,pfnc_nvnQueueInitialize
0x00000071023DBDA0,pfnc_nvnQueueFinalize
0x00000071023DBDA8,pfnc_nvnQueueSetDebugLabel
0x00000071023DBDB0,pfnc_nvnQueueSubmitCommands
0x00000071023DBDB8,pfnc_nvnQueueFlush
0x00000071023DBDC0,pfnc_nvnQueueFinish
0x00000071023DBDC8,pfnc_nvnQueuePresentTexture
0x00000071023DBDD0,pfnc_nvnQueueAcquireTexture
0x00000071023DBDD8,pfnc_nvnWindowBuilderSetDevice
0x00000071023DBDE0,pfnc_nvnWindowBuilderSetDefaults
0x00000071023DBDE8,pfnc_nvnWindowBuilderSetNativeWindow
0x00000071023DBDF0,pfnc_nvnWindowBuilderSetTextures
0x00000071023DBDF8,pfnc_nvnWindowBuilderSetPresentInterval
0x00000071023DBE00,pfnc_nvnWindowBuilderGetNativeWindow
0x00000071023DBE08,pfnc_nvnWindowBuilderGetPresentInterval
0x00000071023DBE10,pfnc_nvnWindowInitialize
0x00000071023DBE18,pfnc_nvnWindowFinalize
0x00000071023DBE20,pfnc_nvnWindowSetDebugLabel
0x00000071023DBE28,pfnc_nvnWindowAcquireTexture
0x00000071023DBE30,pfnc_nvnWindowGetNativeWindow
0x00000071023DBE38,pfnc_nvnWindowGetPresentInterval
0x00000071023DBE40,pfnc_nvnWindowSetPresentInterval
0x00000071023DBE48,pfnc_nvnWindowSetCrop
0x00000071023DBE50,pfnc_nvnWindowGetCrop
0x00000071023DBE58,pfnc_nvnProgramInitialize
0x00000071023DBE60,pfnc_nvnProgramFinalize
0x00000071023DBE68,pfnc_nvnProgramSetDebugLabel
0x00000071023DBE70,pfnc_nvnProgramSetShaders
0x00000071023DBE78,pfnc_nvnMemoryPoolBuilderSetDevice
0x00000071023DBE80,pfnc_nvnMemoryPoolBuilderSetDefaults
0x00000071023DBE88,pfnc_nvnMemoryPoolBuilderSetStorage
0x00000071023DBE90,pfnc_nvnMemoryPoolBuilderSetFlags
0x00000071023DBE98,pfnc_nvnMemoryPoolBuilderGetMemory
0x00000071023DBEA0,pfnc_nvnMemoryPoolBuilderGetSize
0x00000071023DBEA8,pfnc_nvnMemoryPoolBuilderGetFlags
0x00000071023DBEB0,pfnc_nvnMemoryPoolInitialize
0x00000071023DBEB8,pfnc_nvnMemoryPoolSetDebugLabel
0x00000071023DBEC0,pfnc_nvnMemoryPoolFinalize
0x00000071023DBEC8,pfnc_nvnMemoryPoolMap
0x00000071023DBED0,pfnc_nvnMemoryPoolFlushMappedRange
0x00000071023DBED8,pfnc_nvnMemoryPoolInvalidateMappedRange
0x00000071023DBEE0,pfnc_nvnMemoryPoolGetBufferAddress
0x00000071023DBEE8,pfnc_nvnMemoryPoolMapVirtual
0x00000071023DBEF0,pfnc_nvnMemoryPoolGetSize
0x00000071023DBEF8,pfnc_nvnMemoryPoolGetFlags
0x00000071023DBF00,pfnc_nvnTexturePoolInitialize
0x00000071023DBF08,pfnc_nvnTexturePoolSetDebugLabel
0x00000071023DBF10,pfnc_nvnTexturePoolFinalize
0x00000071023DBF18,pfnc_nvnTexturePoolRegisterTexture
0x00000071023DBF20,pfnc_nvnTexturePoolRegisterImage
0x00000071023DBF28,pfnc_nvnTexturePoolGetMemoryPool
0x00000071023DBF30,pfnc_nvnTexturePoolGetMemoryOffset
0x00000071023DBF38,pfnc_nvnTexturePoolGetSize
0x00000071023DBF40,pfnc_nvnSamplerPoolInitialize
0x00000071023DBF48,pfnc_nvnSamplerPoolSetDebugLabel
0x00000071023DBF50,pfnc_nvnSamplerPoolFinalize
0x00000071023DBF58,pfnc_nvnSamplerPoolRegisterSampler
0x00000071023DBF60,pfnc_nvnSamplerPoolRegisterSamplerBuilder
0x00000071023DBF68,pfnc_nvnSamplerPoolGetMemoryPool
0x00000071023DBF70,pfnc_nvnSamplerPoolGetMemoryOffset
0x00000071023DBF78,pfnc_nvnSamplerPoolGetSize
0x00000071023DBF80,pfnc_nvnBufferBuilderSetDevice
0x00000071023DBF88,pfnc_nvnBufferBuilderSetDefaults
0x00000071023DBF90,pfnc_nvnBufferBuilderSetStorage
0x00000071023DBF98,pfnc_nvnBufferBuilderGetMemoryPool
0x00000071023DBFA0,pfnc_nvnBufferBuilderGetMemoryOffset
0x00000071023DBFA8,pfnc_nvnBufferBuilderGetSize
0x00000071023DBFB0,pfnc_nvnBufferInitialize
0x00000071023DBFB8,pfnc_nvnBufferSetDebugLabel
0x00000071023DBFC0,pfnc_nvnBufferFinalize
0x00000071023DBFC8,pfnc_nvnBufferMap
0x00000071023DBFD0,pfnc_nvnBufferGetAddress
0x00000071023DBFD8,pfnc_nvnBufferFlushMappedRange
0x00000071023DBFE0,pfnc_nvnBufferInvalidateMappedRange
0x00000071023DBFE8,pfnc_nvnBufferGetMemoryPool
0x00000071023DBFF0,pfnc_nvnBufferGetMemoryOffset
0x00000071023DBFF8,pfnc_nvnBufferGetSize
0x00000071023DC000,pfnc_nvnBufferGetDebugID
0x00000071023DC008,pfnc_nvnTextureBuilderSetDevice
0x00000071023DC010,pfnc_nvnTextureBuilderSetDefaults
0x00000071023DC018,pfnc_nvnTextureBuilderSetFlags
0x00000071023DC020,pfnc_nvnTextureBuilderSetTarget
0x00000071023DC028,pfnc_nvnTextureBuilderSetWidth
0x00000071023DC030,pfnc_nvnTextureBuilderSetHeight
0x00000071023DC038,pfnc_nvnTextureBuilderSetDepth
0x00000071023DC040,pfnc_nvnTextureBuilderSetSize1D
0x00000071023DC048,pfnc_nvnTextureBuilderSetSize2D
0x00000071023DC050,pfnc_nvnTextureBuilderSetSize3D
0x00000071023DC058,pfnc_nvnTextureBuilderSetLevels
0x00000071023DC060,pfnc_nvnTextureBuilderSetFormat
0x00000071023DC068,pfnc_nvnTextureBuilderSetSamples
0x00000071023DC070,pfnc_nvnTextureBuilderSetSwizzle
0x00000071023DC078,pfnc_nvnTextureBuilderSetDepthStencilMode
0x00000071023DC080,pfnc_nvnTextureBuilderGetStorageSize
0x00000071023DC088,pfnc_nvnTextureBuilderGetStorageAlignment
0x00000071023DC090,pfnc_nvnTextureBuilderSetStorage
0x00000071023DC098,pfnc_nvnTextureBuilderSetPackagedTextureData
0x00000071023DC0A0,pfnc_nvnTextureBuilderSetPackagedTextureLayout
0x00000071023DC0A8,pfnc_nvnTextureBuilderSetStride
0x00000071023DC0B0,pfnc_nvnTextureBuilderSetGLTextureName
0x00000071023DC0B8,pfnc_nvnTextureBuilderGetStorageClass
0x00000071023DC0C0,pfnc_nvnTextureBuilderGetFlags
0x00000071023DC0C8,pfnc_nvnTextureBuilderGetTarget
0x00000071023DC0D0,pfnc_nvnTextureBuilderGetWidth
0x00000071023DC0D8,pfnc_nvnTextureBuilderGetHeight
0x00000071023DC0E0,pfnc_nvnTextureBuilderGetDepth
0x00000071023DC0E8,pfnc_nvnTextureBuilderGetLevels
0x00000071023DC0F0,pfnc_nvnTextureBuilderGetFormat
0x00000071023DC0F8,pfnc_nvnTextureBuilderGetSamples
0x00000071023DC100,pfnc_nvnTextureBuilderGetSwizzle
0x00000071023DC108,pfnc_nvnTextureBuilderGetDepthStencilMode
0x00000071023DC110,pfnc_nvnTextureBuilderGetPackagedTextureData
0x00000071023DC118,pfnc_nvnTextureBuilderGetStride
0x00000071023DC120,pfnc_nvnTextureBuilderGetSparseTileLayout
0x00000071023DC128,pfnc_nvnTextureBuilderGetGLTextureName
0x00000071023DC130,pfnc_nvnTextureBuilderGetZCullStorageSize
0x00000071023DC138,pfnc_nvnTextureBuilderGetMemoryPool
0x00000071023DC140,pfnc_nvnTextureBuilderGetMemoryOffset
0x00000071023DC148,pfnc_nvnTextureViewSetDefaults
0x00000071023DC150,pfnc_nvnTextureViewSetLevels
0x00000071023DC158,pfnc_nvnTextureViewSetLayers
0x00000071023DC160,pfnc_nvnTextureViewSetFormat
0x00000071023DC168,pfnc_nvnTextureViewSetSwizzle
0x00000071023DC170,pfnc_nvnTextureViewSetDepthStencilMode
0x00000071023DC178,pfnc_nvnTextureViewSetTarget
0x00000071023DC180,pfnc_nvnTextureViewGetLevels
0x00000071023DC188,pfnc_nvnTextureViewGetLayers
0x00000071023DC190,pfnc_nvnTextureViewGetFormat
0x00000071023DC198,pfnc_nvnTextureViewGetSwizzle
0x00000071023DC1A0,pfnc_nvnTextureViewGetDepthStencilMode
0x00000071023DC1A8,pfnc_nvnTextureViewGetTarget
0x00000071023DC1B0,pfnc_nvnTextureViewCompare
0x00000071023DC1B8,pfnc_nvnTextureInitialize
0x00000071023DC1C0,pfnc_nvnTextureGetZCullStorageSize
0x00000071023DC1C8,pfnc_nvnTextureFinalize
0x00000071023DC1D0,pfnc_nvnTextureSetDebugLabel
0x00000071023DC1D8,pfnc_nvnTextureGetStorageClass
0x00000071023DC1E0,pfnc_nvnTextureGetViewOffset
0x00000071023DC1E8,pfnc_nvnTextureGetFlags
0x00000071023DC1F0,pfnc_nvnTextureGetTarget
0x00000071023DC1F8,pfnc_nvnTextureGetWidth
0x00000071023DC200,pfnc_nvnTextureGetHeight
0x00000071023DC208,pfnc_nvnTextureGetDepth
0x00000071023DC210,pfnc_nvnTextureGetLevels
0x00000071023DC218,pfnc_nvnTextureGetFormat
0x00000071023DC220,pfnc_nvnTextureGetSamples
0x00000071023DC228,pfnc_nvnTextureGetSwizzle
0x00000071023DC230,pfnc_nvnTextureGetDepthStencilMode
0x00000071023DC238,pfnc_nvnTextureGetStride
0x00000071023DC240,pfnc_nvnTextureGetTextureAddress
0x00000071023DC248,pfnc_nvnTextureGetSparseTileLayout
0x00000071023DC250,pfnc_nvnTextureWriteTexels
0x00000071023DC258,pfnc_nvnTextureWriteTexelsStrided
0x00000071023DC260,pfnc_nvnTextureReadTexels
0x00000071023DC268,pfnc_nvnTextureReadTexelsStrided
0x00000071023DC270,pfnc_nvnTextureFlushTexels
0x00000071023DC278,pfnc_nvnTextureInvalidateTexels
0x00000071023DC280,pfnc_nvnTextureGetMemoryPool
0x00000071023DC288,pfnc_nvnTextureGetMemoryOffset
0x00000071023DC290,pfnc_nvnTextureGetStorageSize
0x00000071023DC298,pfnc_nvnTextureCompare
0x00000071023DC2A0,pfnc_nvnTextureGetDebugID
0x00000071023DC2A8,pfnc_nvnSamplerBuilderSetDevice
0x00000071023DC2B0,pfnc_nvnSamplerBuilderSetDefaults
0x00000071023DC2B8,pfnc_nvnSamplerBuilderSetMinMagFilter
0x00000071023DC2C0,pfnc_nvnSamplerBuilderSetWrapMode
0x00000071023DC2C8,pfnc_nvnSamplerBuilderSetLodClamp
0x00000071023DC2D0,pfnc_nvnSamplerBuilderSetLodBias
0x00000071023DC2D8,pfnc_nvnSamplerBuilderSetCompare
0x00000071023DC2E0,pfnc_nvnSamplerBuilderSetBorderColor
0x00000071023DC2E8,pfnc_nvnSamplerBuilderSetBorderColori
0x00000071023DC2F0,pfnc_nvnSamplerBuilderSetBorderColorui
0x00000071023DC2F8,pfnc_nvnSamplerBuilderSetMaxAnisotropy
0x00000071023DC300,pfnc_nvnSamplerBuilderSetReductionFilter
0x00000071023DC308,pfnc_nvnSamplerBuilderSetLodSnap
0x00000071023DC310,pfnc_nvnSamplerBuilderGetMinMagFilter
0x00000071023DC318,pfnc_nvnSamplerBuilderGetWrapMode
0x00000071023DC320,pfnc_nvnSamplerBuilderGetLodClamp
0x00000071023DC328,pfnc_nvnSamplerBuilderGetLodBias
0x00000071023DC330,pfnc_nvnSamplerBuilderGetCompare
0x00000071023DC338,pfnc_nvnSamplerBuilderGetBorderColor
0x00000071023DC340,pfnc_nvnSamplerBuilderGetBorderColori
0x00000071023DC348,pfnc_nvnSamplerBuilderGetBorderColorui
0x00000071023DC350,pfnc_nvnSamplerBuilderGetMaxAnisotropy
0x00000071023DC358,pfnc_nvnSamplerBuilderGetReductionFilter
0x00000071023DC360,pfnc_nvnSamplerBuilderGetLodSnap
0x00000071023DC368,pfnc_nvnSamplerInitialize
0x00000071023DC370,pfnc_nvnSamplerFinalize
0x00000071023DC378,pfnc_nvnSamplerSetDebugLabel
0x00000071023DC380,pfnc_nvnSamplerGetMinMagFilter
0x00000071023DC388,pfnc_nvnSamplerGetWrapMode
0x00000071023DC390,pfnc_nvnSamplerGetLodClamp
0x00000071023DC398,pfnc_nvnSamplerGetLodBias
0x00000071023DC3A0,pfnc_nvnSamplerGetCompare
0x00000071023DC3A8,pfnc_nvnSamplerGetBorderColor
0x00000071023DC3B0,pfnc_nvnSamplerGetBorderColori
0x00000071023DC3B8,pfnc_nvnSamplerGetBorderColorui
0x00000071023DC3C0,pfnc_nvnSamplerGetMaxAnisotropy
0x00000071023DC3C8,pfnc_nvnSamplerGetReductionFilter
0x00000071023DC3D0,pfnc_nvnSamplerCompare
0x00000071023DC3D8,pfnc_nvnSamplerGetDebugID
0x00000071023DC3E0,pfnc_nvnBlendStateSetDefaults
0x00000071023DC3E8,pfnc_nvnBlendStateSetBlendTarget
0x00000071023DC3F0,pfnc_nvnBlendStateSetBlendFunc
0x00000071023DC3F8,pfnc_nvnBlendStateSetBlendEquation
0x00000071023DC400,pfnc_nvnBlendStateSetAdvancedMode
0x00000071023DC408,pfnc_nvnBlendStateSetAdvancedOverlap
0x00000071023DC410,pfnc_nvnBlendStateSetAdvancedPremultipliedSrc
0x00000071023DC418,pfnc_nvnBlendStateSetAdvancedNormalizedDst
0x00000071023DC420,pfnc_nvnBlendStateGetBlendTarget
0x00000071023DC428,pfnc_nvnBlendStateGetBlendFunc
0x00000071023DC430,pfnc_nvnBlendStateGetBlendEquation
0x00000071023DC438,pfnc_nvnBlendStateGetAdvancedMode
0x00000071023DC440,pfnc_nvnBlendStateGetAdvancedOverlap
0x00000071023DC448,pfnc_nvnBlendStateGetAdvancedPremultipliedSrc
0x00000071023DC450,pfnc_nvnBlendStateGetAdvancedNormalizedDst
0x00000071023DC458,pfnc_nvnColorStateSetDefaults
0x00000071023DC460,pfnc_nvnColorStateSetBlendEnable
0x00000071023DC468,pfnc_nvnColorStateSetLogicOp
0x00000071023DC470,pfnc_nvnColorStateSetAlphaTest
0x00000071023DC478,pfnc_nvnColorStateGetBlendEnable
0x00000071023DC480,pfnc_nvnColorStateGetLogicOp
0x00000071023DC488,pfnc_nvnColorStateGetAlphaTest
0x00000071023DC490,pfnc_nvnChannelMaskStateSetDefaults
0x00000071023DC498,pfnc_nvnChannelMaskStateSetChannelMask
0x00000071023DC4A0,pfnc_nvnChannelMaskStateGetChannelMask
0x00000071023DC4A8,pfnc_nvnMultisampleStateSetDefaults
0x00000071023DC4B0,pfnc_nvnMultisampleStateSetMultisampleEnable
0x00000071023DC4B8,pfnc_nvnMultisampleStateSetSamples
0x00000071023DC4C0,pfnc_nvnMultisampleStateSetAlphaToCoverageEnable
0x00000071023DC4C8,pfnc_nvnMultisampleStateSetAlphaToCoverageDither
0x00000071023DC4D0,pfnc_nvnMultisampleStateGetMultisampleEnable
0x00000071023DC4D8,pfnc_nvnMultisampleStateGetSamples
0x00000071023DC4E0,pfnc_nvnMultisampleStateGetAlphaToCoverageEnable
0x00000071023DC4E8,pfnc_nvnMultisampleStateGetAlphaToCoverageDither
0x00000071023DC4F0,pfnc_nvnMultisampleStateSetRasterSamples
0x00000071023DC4F8,pfnc_nvnMultisampleStateGetRasterSamples
0x00000071023DC500,pfnc_nvnMultisampleStateSetCoverageModulationMode
0x00000071023DC508,pfnc_nvnMultisampleStateGetCoverageModulationMode
0x00000071023DC510,pfnc_nvnMultisampleStateSetCoverageToColorEnable
0x00000071023DC518,pfnc_nvnMultisampleStateGetCoverageToColorEnable
0x00000071023DC520,pfnc_nvnMultisampleStateSetCoverageToColorOutput
0x00000071023DC528,pfnc_nvnMultisampleStateGetCoverageToColorOutput
0x00000071023DC530,pfnc_nvnMultisampleStateSetSampleLocationsEnable
0x00000071023DC538,pfnc_nvnMultisampleStateGetSampleLocationsEnable
0x00000071023DC540,pfnc_nvnMultisampleStateGetSampleLocationsGrid
0x00000071023DC548,pfnc_nvnMultisampleStateSetSampleLocationsGridEnable
0x00000071023DC550,pfnc_nvnMultisampleStateGetSampleLocationsGridEnable
0x00000071023DC558,pfnc_nvnMultisampleStateSetSampleLocations
0x00000071023DC560,pfnc_nvnPolygonStateSetDefaults
0x00000071023DC568,pfnc_nvnPolygonStateSetCullFace
0x00000071023DC570,pfnc_nvnPolygonStateSetFrontFace
0x00000071023DC578,pfnc_nvnPolygonStateSetPolygonMode
0x00000071023DC580,pfnc_nvnPolygonStateSetPolygonOffsetEnables
0x00000071023DC588,pfnc_nvnPolygonStateGetCullFace
0x00000071023DC590,pfnc_nvnPolygonStateGetFrontFace
0x00000071023DC598,pfnc_nvnPolygonStateGetPolygonMode
0x00000071023DC5A0,pfnc_nvnPolygonStateGetPolygonOffsetEnables
0x00000071023DC5A8,pfnc_nvnDepthStencilStateSetDefaults
0x00000071023DC5B0,pfnc_nvnDepthStencilStateSetDepthTestEnable
0x00000071023DC5B8,pfnc_nvnDepthStencilStateSetDepthWriteEnable
0x00000071023DC5C0,pfnc_nvnDepthStencilStateSetDepthFunc
0x00000071023DC5C8,pfnc_nvnDepthStencilStateSetStencilTestEnable
0x00000071023DC5D0,pfnc_nvnDepthStencilStateSetStencilFunc
0x00000071023DC5D8,pfnc_nvnDepthStencilStateSetStencilOp
0x00000071023DC5E0,pfnc_nvnDepthStencilStateGetDepthTestEnable
0x00000071023DC5E8,pfnc_nvnDepthStencilStateGetDepthWriteEnable
0x00000071023DC5F0,pfnc_nvnDepthStencilStateGetDepthFunc
0x00000071023DC5F8,pfnc_nvnDepthStencilStateGetStencilTestEnable
0x00000071023DC600,pfnc_nvnDepthStencilStateGetStencilFunc
0x00000071023DC608,pfnc_nvnDepthStencilStateGetStencilOp
0x00000071023DC610,pfnc_nvnVertexAttribStateSetDefaults
0x00000071023DC618,pfnc_nvnVertexAttribStateSetFormat
0x00000071023DC620,pfnc_nvnVertexAttribStateSetStreamIndex
0x00000071023DC628,pfnc_nvnVertexAttribStateGetFormat
0x00000071023DC630,pfnc_nvnVertexAttribStateGetStreamIndex
0x00000071023DC638,pfnc_nvnVertexStreamStateSetDefaults
0x00000071023DC640,pfnc_nvnVertexStreamStateSetStride
0x00000071023DC648,pfnc_nvnVertexStreamStateSetDivisor
0x00000071023DC650,pfnc_nvnVertexStreamStateGetStride
0x00000071023DC658,pfnc_nvnVertexStreamStateGetDivisor
0x00000071023DC660,pfnc_nvnCommandBufferInitialize
0x00000071023DC668,pfnc_nvnCommandBufferFinalize
0x00000071023DC670,pfnc_nvnCommandBufferSetDebugLabel
0x00000071023DC678,pfnc_nvnCommandBufferSetMemoryCallback
0x00000071023DC680,pfnc_nvnCommandBufferSetMemoryCallbackData
0x00000071023DC688,pfnc_nvnCommandBufferAddCommandMemory
0x00000071023DC690,pfnc_nvnCommandBufferAddControlMemory
0x00000071023DC698,pfnc_nvnCommandBufferGetCommandMemorySize
0x00000071023DC6A0,pfnc_nvnCommandBufferGetCommandMemoryUsed
0x00000071023DC6A8,pfnc_nvnCommandBufferGetCommandMemoryFree
0x00000071023DC6B0,pfnc_nvnCommandBufferGetControlMemorySize
0x00000071023DC6B8,pfnc_nvnCommandBufferGetControlMemoryUsed
0x00000071023DC6C0,pfnc_nvnCommandBufferGetControlMemoryFree
0x00000071023DC6C8,pfnc_nvnCommandBufferBeginRecording
0x00000071023DC6D0,pfnc_nvnCommandBufferEndRecording
0x00000071023DC6D8,pfnc_nvnCommandBufferCallCommands
0x00000071023DC6E0,pfnc_nvnCommandBufferCopyCommands
0x00000071023DC6E8,pfnc_nvnCommandBufferBindBlendState
0x00000071023DC6F0,pfnc_nvnCommandBufferBindChannelMaskState
0x00000071023DC6F8,pfnc_nvnCommandBufferBindColorState
0x00000071023DC700,pfnc_nvnCommandBufferBindMultisampleState
0x00000071023DC708,pfnc_nvnCommandBufferBindPolygonState
0x00000071023DC710,pfnc_nvnCommandBufferBindDepthStencilState
0x00000071023DC718,pfnc_nvnCommandBufferBindVertexAttribState
0x00000071023DC720,pfnc_nvnCommandBufferBindVertexStreamState
0x00000071023DC728,pfnc_nvnCommandBufferBindProgram
0x00000071023DC730,pfnc_nvnCommandBufferBindVertexBuffer
0x00000071023DC738,pfnc_nvnCommandBufferBindVertexBuffers
0x00000071023DC740,pfnc_nvnCommandBufferBindUniformBuffer
0x00000071023DC748,pfnc_nvnCommandBufferBindUniformBuffers
0x00000071023DC750,pfnc_nvnCommandBufferBindTransformFeedbackBuffer
0x00000071023DC758,pfnc_nvnCommandBufferBindTransformFeedbackBuffers
0x00000071023DC760,pfnc_nvnCommandBufferBindStorageBuffer
0x00000071023DC768,pfnc_nvnCommandBufferBindStorageBuffers
0x00000071023DC770,pfnc_nvnCommandBufferBindTexture
0x00000071023DC778,pfnc_nvnCommandBufferBindTextures
0x00000071023DC780,pfnc_nvnCommandBufferBindImage
0x00000071023DC788,pfnc_nvnCommandBufferBindImages
0x00000071023DC790,pfnc_nvnCommandBufferSetPatchSize
0x00000071023DC798,pfnc_nvnCommandBufferSetInnerTessellationLevels
0x00000071023DC7A0,pfnc_nvnCommandBufferSetOuterTessellationLevels
0x00000071023DC7A8,pfnc_nvnCommandBufferSetPrimitiveRestart
0x00000071023DC7B0,pfnc_nvnCommandBufferBeginTransformFeedback
0x00000071023DC7B8,pfnc_nvnCommandBufferEndTransformFeedback
0x00000071023DC7C0,pfnc_nvnCommandBufferPauseTransformFeedback
0x00000071023DC7C8,pfnc_nvnCommandBufferResumeTransformFeedback
0x00000071023DC7D0,pfnc_nvnCommandBufferDrawTransformFeedback
0x00000071023DC7D8,pfnc_nvnCommandBufferDrawArrays
0x00000071023DC7E0,pfnc_nvnCommandBufferDrawElements
0x00000071023DC7E8,pfnc_nvnCommandBufferDrawElementsBaseVertex
0x00000071023DC7F0,pfnc_nvnCommandBufferDrawArraysInstanced
0x00000071023DC7F8,pfnc_nvnCommandBufferDrawElementsInstanced
0x00000071023DC800,pfnc_nvnCommandBufferDrawArraysIndirect
0x00000071023DC808,pfnc_nvnCommandBufferDrawElementsIndirect
0x00000071023DC810,pfnc_nvnCommandBufferMultiDrawArraysIndirectCount
0x00000071023DC818,pfnc_nvnCommandBufferMultiDrawElementsIndirectCount
0x00000071023DC820,pfnc_nvnCommandBufferClearColor
0x00000071023DC828,pfnc_nvnCommandBufferClearColori
0x00000071023DC830,pfnc_nvnCommandBufferClearColorui
0x00000071023DC838,pfnc_nvnCommandBufferClearDepthStencil
0x00000071023DC840,pfnc_nvnCommandBufferDispatchCompute
0x00000071023DC848,pfnc_nvnCommandBufferDispatchComputeIndirect
0x00000071023DC850,pfnc_nvnCommandBufferSetViewport
0x00000071023DC858,pfnc_nvnCommandBufferSetViewports
0x00000071023DC860,pfnc_nvnCommandBufferSetViewportSwizzles
0x00000071023DC868,pfnc_nvnCommandBufferSetScissor
0x00000071023DC870,pfnc_nvnCommandBufferSetScissors
0x00000071023DC878,pfnc_nvnCommandBufferSetDepthRange
0x00000071023DC880,pfnc_nvnCommandBufferSetDepthBounds
0x00000071023DC888,pfnc_nvnCommandBufferSetDepthRanges
0x00000071023DC890,pfnc_nvnCommandBufferSetTiledCacheAction
0x00000071023DC898,pfnc_nvnCommandBufferSetTiledCacheTileSize
0x00000071023DC8A0,pfnc_nvnCommandBufferBindSeparateTexture
0x00000071023DC8A8,pfnc_nvnCommandBufferBindSeparateSampler
0x00000071023DC8B0,pfnc_nvnCommandBufferBindSeparateTextures
0x00000071023DC8B8,pfnc_nvnCommandBufferBindSeparateSamplers
0x00000071023DC8C0,pfnc_nvnCommandBufferSetStencilValueMask
0x00000071023DC8C8,pfnc_nvnCommandBufferSetStencilMask
0x00000071023DC8D0,pfnc_nvnCommandBufferSetStencilRef
0x00000071023DC8D8,pfnc_nvnCommandBufferSetBlendColor
0x00000071023DC8E0,pfnc_nvnCommandBufferSetPointSize
0x00000071023DC8E8,pfnc_nvnCommandBufferSetLineWidth
0x00000071023DC8F0,pfnc_nvnCommandBufferSetPolygonOffsetClamp
0x00000071023DC8F8,pfnc_nvnCommandBufferSetAlphaRef
0x00000071023DC900,pfnc_nvnCommandBufferSetSampleMask
0x00000071023DC908,pfnc_nvnCommandBufferSetRasterizerDiscard
0x00000071023DC910,pfnc_nvnCommandBufferSetDepthClamp
0x00000071023DC918,pfnc_nvnCommandBufferSetConservativeRasterEnable
0x00000071023DC920,pfnc_nvnCommandBufferSetConservativeRasterDilate
0x00000071023DC928,pfnc_nvnCommandBufferSetSubpixelPrecisionBias
0x00000071023DC930,pfnc_nvnCommandBufferCopyBufferToTexture
0x00000071023DC938,pfnc_nvnCommandBufferCopyTextureToBuffer
0x00000071023DC940,pfnc_nvnCommandBufferCopyTextureToTexture
0x00000071023DC948,pfnc_nvnCommandBufferCopyBufferToBuffer
0x00000071023DC950,pfnc_nvnCommandBufferClearBuffer
0x00000071023DC958,pfnc_nvnCommandBufferClearTexture
0x00000071023DC960,pfnc_nvnCommandBufferClearTexturei
0x00000071023DC968,pfnc_nvnCommandBufferClearTextureui
0x00000071023DC970,pfnc_nvnCommandBufferUpdateUniformBuffer
0x00000071023DC978,pfnc_nvnCommandBufferReportCounter
0x00000071023DC980,pfnc_nvnCommandBufferResetCounter
0x00000071023DC988,pfnc_nvnCommandBufferReportValue
0x00000071023DC990,pfnc_nvnCommandBufferSetRenderEnable
0x00000071023DC998,pfnc_nvnCommandBufferSetRenderEnableConditional
0x00000071023DC9A0,pfnc_nvnCommandBufferSetRenderTargets
0x00000071023DC9A8,pfnc_nvnCommandBufferDiscardColor
0x00000071023DC9B0,pfnc_nvnCommandBufferDiscardDepthStencil
0x00000071023DC9B8,pfnc_nvnCommandBufferDownsample
0x00000071023DC9C0,pfnc_nvnCommandBufferTiledDownsample
0x00000071023DC9C8,pfnc_nvnCommandBufferDownsampleTextureView
0x00000071023DC9D0,pfnc_nvnCommandBufferTiledDownsampleTextureView
0x00000071023DC9D8,pfnc_nvnCommandBufferBarrier
0x00000071023DC9E0,pfnc_nvnCommandBufferWaitSync
0x00000071023DC9E8,pfnc_nvnCommandBufferFenceSync
0x00000071023DC9F0,pfnc_nvnCommandBufferSetTexturePool
0x00000071023DC9F8,pfnc_nvnCommandBufferSetSamplerPool
0x00000071023DCA00,pfnc_nvnCommandBufferSetShaderScratchMemory
0x00000071023DCA08,pfnc_nvnCommandBufferSaveZCullData
0x00000071023DCA10,pfnc_nvnCommandBufferRestoreZCullData
0x00000071023DCA18,pfnc_nvnCommandBufferSetCopyRowStride
0x00000071023DCA20,pfnc_nvnCommandBufferSetCopyImageStride
0x00000071023DCA28,pfnc_nvnCommandBufferGetCopyRowStride
0x00000071023DCA30,pfnc_nvnCommandBufferGetCopyImageStride
0x00000071023DCA38,pfnc_nvnCommandBufferDrawTexture
0x00000071023DCA40,pfnc_nvnProgramSetSubroutineLinkage
0x00000071023DCA48,pfnc_nvnCommandBufferSetProgramSubroutines
0x00000071023DCA50,pfnc_nvnCommandBufferBindCoverageModulationTable
0x00000071023DCA58,pfnc_nvnCommandBufferResolveDepthBuffer
0x00000071023DCA60,pfnc_nvnCommandBufferPushDebugGroupStatic
0x00000071023DCA68,pfnc_nvnCommandBufferPushDebugGroupDynamic
0x00000071023DCA70,pfnc_nvnCommandBufferPushDebugGroup
0x00000071023DCA78,pfnc_nvnCommandBufferPopDebugGroup
0x00000071023DCA80,pfnc_nvnCommandBufferPopDebugGroupId
0x00000071023DCA88,pfnc_nvnCommandBufferInsertDebugMarkerStatic
0x00000071023DCA90,pfnc_nvnCommandBufferInsertDebugMarkerDynamic
0x00000071023DCA98,pfnc_nvnCommandBufferInsertDebugMarker
0x00000071023DCAA0,pfnc_nvnCommandBufferGetMemoryCallback
0x00000071023DCAA8,pfnc_nvnCommandBufferGetMemoryCallbackData
0x00000071023DCAB0,pfnc_nvnCommandBufferIsRecording
0x00000071023DCAB8,pfnc_nvnSyncInitialize
0x00000071023DCAC0,pfnc_nvnSyncFinalize
0x00000071023DCAC8,pfnc_nvnSyncSetDebugLabel
0x00000071023DCAD0,pfnc_nvnQueueFenceSync
0x00000071023DCAD8,pfnc_nvnSyncWait
0x00000071023DCAE0,pfnc_nvnQueueWaitSync
0x00000071023DCAE8,pfnc_nvnEventBuilderSetDefaults
0x00000071023DCAF0,pfnc_nvnEventBuilderSetStorage
0x00000071023DCAF8,pfnc_nvnEventInitialize
0x00000071023DCB00,pfnc_nvnEventFinalize
0x00000071023DCB08,pfnc_nvnEventGetValue
0x00000071023DCB10,pfnc_nvnEventSignal
0x00000071023DCB18,pfnc_nvnCommandBufferWaitEvent
0x00000071023DCB20,pfnc_nvnCommandBufferSignalEvent
